user_id,age,gender,location,signup_date
101,56,M,Madurai,2024-02-04
102,46,M,Pune,2024-05-10
103,32,M,Coimbatore,2024-04-17
104,60,M,Chennai,2024-06-20
105,25,M,Salem,2024-06-27
106,38,F,Delhi,2024-04-11
107,56,M,Chennai,2024-04-07
108,36,M,Coimbatore,2024-01-12
109,40,M,Chennai,2024-01-19
110,28,F,Mumbai,2024-04-10
111,28,F,Delhi,2024-02-13
112,41,M,Coimbatore,2024-02-18
113,53,F,Pune,2024-01-17
114,57,M,Salem,2024-03-14
115,41,M,Kolkata,2024-02-26
116,20,F,Coimbatore,2024-02-24
117,39,M,Bangalore,2024-02-16
118,19,F,Salem,2024-01-12
119,41,F,Coimbatore,2024-03-02
120,61,M,Mumbai,2024-03-20
121,47,M,Kolkata,2024-03-23
122,55,F,Mumbai,2024-01-08
123,19,M,Kolkata,2024-05-28
124,38,M,Bangalore,2024-03-21
125,50,M,Salem,2024-04-27
126,29,F,Pune,2024-01-25
127,39,F,Mumbai,2024-03-29
128,61,M,Mumbai,2024-01-12
129,42,F,Madurai,2024-05-22
130,44,F,Kolkata,2024-02-28
131,59,F,Hyderabad,2024-06-02
132,45,F,Salem,2024-04-18
133,33,F,Kolkata,2024-01-26
134,32,M,Madurai,2024-02-16
135,64,M,Chennai,2024-02-01
136,61,M,Kolkata,2024-01-10
137,20,F,Pune,2024-01-16
138,54,F,Salem,2024-05-24
139,24,M,Madurai,2024-05-30
140,38,F,Chennai,2024-01-26
141,26,M,Delhi,2024-03-26
142,56,M,Madurai,2024-05-14
143,35,M,Delhi,2024-01-14
144,21,F,Salem,2024-03-19
145,42,F,Mumbai,2024-04-26
146,31,M,Madurai,2024-01-07
147,26,M,Bangalore,2024-05-16
148,43,M,Delhi,2024-04-24
149,19,M,Pune,2024-06-24
150,37,F,Bangalore,2024-03-12
151,45,F,Coimbatore,2024-02-28
152,64,M,Coimbatore,2024-03-22
153,24,M,Chennai,2024-04-25
154,61,F,Mumbai,2024-06-15
155,25,F,Salem,2024-05-25
156,64,M,Madurai,2024-04-12
157,52,M,Hyderabad,2024-01-17
158,31,M,Pune,2024-01-14
159,34,F,Delhi,2024-06-07
160,53,F,Salem,2024-05-31
161,57,F,Bangalore,2024-04-17
162,21,M,Coimbatore,2024-02-14
163,19,M,Pune,2024-04-07
164,23,F,Hyderabad,2024-05-10
165,59,F,Madurai,2024-02-06
166,21,M,Chennai,2024-06-19
167,46,F,Hyderabad,2024-06-16
168,35,F,Pune,2024-04-17
169,43,M,Hyderabad,2024-02-08
170,61,F,Pune,2024-01-15
171,51,M,Pune,2024-04-29
172,27,M,Kolkata,2024-01-04
173,53,M,Delhi,2024-04-02
174,31,M,Coimbatore,2024-06-01
175,48,M,Kolkata,2024-05-20
176,32,M,Madurai,2024-06-09
177,25,M,Kolkata,2024-01-16
178,31,F,Mumbai,2024-06-18
179,40,M,Mumbai,2024-04-17
180,57,M,Coimbatore,2024-05-05
181,38,F,Hyderabad,2024-02-24
182,33,F,Delhi,2024-06-18
183,62,F,Coimbatore,2024-02-03
184,35,M,Pune,2024-06-06
185,64,F,Bangalore,2024-01-13
186,41,M,Delhi,2024-05-20
187,43,M,Delhi,2024-01-18
188,42,M,Pune,2024-06-08
189,62,M,Pune,2024-04-05
190,58,F,Chennai,2024-05-02
191,46,F,Coimbatore,2024-02-08
192,32,M,Pune,2024-02-15
193,62,M,Mumbai,2024-01-29
194,18,M,Madurai,2024-03-02
195,42,F,Bangalore,2024-01-16
196,24,M,Coimbatore,2024-04-30
197,26,M,Salem,2024-01-10
198,41,F,Mumbai,2024-06-06
199,18,F,Hyderabad,2024-06-01
200,61,M,Pune,2024-04-12
201,25,F,Salem,2024-03-24
202,41,F,Pune,2024-05-12
203,28,M,Delhi,2024-03-05
204,34,F,Mumbai,2024-06-25
205,25,M,Delhi,2024-01-03
206,52,F,Chennai,2024-06-21
207,52,M,Delhi,2024-05-21
208,50,M,Chennai,2024-04-29
209,22,M,Chennai,2024-06-06
210,59,F,Salem,2024-03-08
211,56,M,Pune,2024-05-25
212,58,F,Hyderabad,2024-02-06
213,45,M,Delhi,2024-06-01
214,24,M,Mumbai,2024-06-24
215,26,F,Chennai,2024-03-13
216,25,M,Pune,2024-05-22
217,29,M,Bangalore,2024-02-18
218,51,F,Coimbatore,2024-04-30
219,50,M,Salem,2024-03-28
220,40,M,Hyderabad,2024-05-19
221,41,M,Kolkata,2024-02-06
222,54,M,Salem,2024-03-01
223,52,F,Bangalore,2024-06-19
224,61,F,Coimbatore,2024-05-03
225,57,M,Bangalore,2024-02-08
226,39,F,Delhi,2024-03-03
227,44,M,Chennai,2024-02-15
228,52,F,Hyderabad,2024-03-28
229,18,M,Madurai,2024-01-11
230,52,M,Chennai,2024-03-02
231,54,M,Madurai,2024-03-17
232,64,M,Coimbatore,2024-06-01
233,31,M,Pune,2024-02-21
234,20,M,Kolkata,2024-01-04
235,18,F,Mumbai,2024-02-28
236,22,M,Chennai,2024-03-12
237,43,F,Hyderabad,2024-05-27
238,31,M,Bangalore,2024-04-02
239,56,F,Hyderabad,2024-03-03
240,44,F,Coimbatore,2024-02-23
241,26,F,Madurai,2024-04-26
242,32,M,Bangalore,2024-04-19
243,32,M,Mumbai,2024-03-14
244,43,F,Mumbai,2024-04-16
245,59,M,Chennai,2024-02-26
246,30,F,Coimbatore,2024-06-17
247,49,M,Pune,2024-01-03
248,56,F,Coimbatore,2024-04-29
249,49,F,Madurai,2024-01-06
250,21,M,Hyderabad,2024-01-05
251,47,F,Mumbai,2024-01-05
252,54,M,Hyderabad,2024-02-23
253,40,F,Hyderabad,2024-02-16
254,56,F,Hyderabad,2024-06-25
255,62,M,Mumbai,2024-01-09
256,32,M,Salem,2024-04-08
257,60,M,Delhi,2024-01-20
258,46,F,Madurai,2024-05-01
259,53,M,Salem,2024-03-01
260,30,F,Madurai,2024-05-02
261,49,F,Bangalore,2024-06-11
262,24,M,Coimbatore,2024-06-26
263,39,M,Coimbatore,2024-03-22
264,45,F,Kolkata,2024-03-02
265,19,F,Coimbatore,2024-05-24
266,59,M,Mumbai,2024-01-03
267,62,M,Pune,2024-06-08
268,23,M,Chennai,2024-01-13
269,45,M,Kolkata,2024-04-29
270,45,M,Chennai,2024-05-04
271,61,F,Madurai,2024-03-29
272,61,F,Chennai,2024-03-13
273,37,F,Chennai,2024-03-08
274,47,F,Kolkata,2024-05-21
275,28,M,Bangalore,2024-04-10
276,45,M,Hyderabad,2024-04-07
277,42,M,Coimbatore,2024-01-11
278,56,F,Coimbatore,2024-04-14
279,50,F,Mumbai,2024-03-07
280,18,M,Kolkata,2024-05-02
281,44,M,Mumbai,2024-01-29
282,30,F,Pune,2024-05-16
283,58,F,Pune,2024-06-01
284,20,M,Mumbai,2024-03-16
285,56,M,Kolkata,2024-06-18
286,23,F,Mumbai,2024-01-09
287,25,M,Coimbatore,2024-02-09
288,44,M,Salem,2024-01-25
289,26,M,Delhi,2024-01-05
290,54,F,Chennai,2024-05-18
291,50,F,Delhi,2024-05-03
292,59,F,Kolkata,2024-02-07
293,61,F,Delhi,2024-03-12
294,41,F,Pune,2024-05-12
295,32,F,Madurai,2024-06-24
296,49,F,Chennai,2024-03-30
297,49,M,Hyderabad,2024-05-25
298,41,M,Kolkata,2024-02-06
299,58,M,Chennai,2024-02-29
300,29,M,Delhi,2024-06-24
301,56,M,Pune,2024-01-28
302,19,M,Bangalore,2024-03-21
303,20,M,Salem,2024-04-23
304,54,F,Hyderabad,2024-02-09
305,34,F,Salem,2024-02-14
306,19,M,Chennai,2024-03-02
307,19,M,Pune,2024-04-02
308,45,F,Pune,2024-04-24
309,40,M,Delhi,2024-03-07
310,54,M,Coimbatore,2024-02-25
311,49,F,Delhi,2024-02-09
312,50,M,Coimbatore,2024-04-07
313,18,F,Coimbatore,2024-02-09
314,36,M,Hyderabad,2024-03-31
315,19,F,Delhi,2024-02-02
316,61,F,Bangalore,2024-01-06
317,43,F,Mumbai,2024-05-26
318,49,M,Mumbai,2024-03-20
319,23,F,Delhi,2024-06-16
320,49,M,Delhi,2024-04-01
321,21,M,Salem,2024-04-06
322,28,M,Hyderabad,2024-02-28
323,34,M,Delhi,2024-02-28
324,55,F,Salem,2024-02-17
325,41,F,Coimbatore,2024-06-17
326,22,M,Pune,2024-01-13
327,51,M,Pune,2024-04-16
328,23,F,Coimbatore,2024-02-14
329,39,M,Kolkata,2024-03-29
330,28,F,Salem,2024-06-18
331,33,M,Salem,2024-04-09
332,50,M,Coimbatore,2024-06-03
333,26,F,Bangalore,2024-06-14
334,23,M,Madurai,2024-01-07
335,33,F,Chennai,2024-05-12
336,46,M,Coimbatore,2024-02-14
337,20,M,Delhi,2024-02-27
338,37,M,Delhi,2024-01-31
339,53,F,Hyderabad,2024-01-23
340,36,M,Coimbatore,2024-06-18
341,43,M,Hyderabad,2024-05-17
342,20,M,Coimbatore,2024-06-08
343,36,M,Salem,2024-04-16
344,37,F,Chennai,2024-06-06
345,49,F,Salem,2024-02-08
346,24,M,Madurai,2024-06-07
347,58,F,Pune,2024-03-22
348,50,M,Mumbai,2024-04-09
349,57,M,Coimbatore,2024-01-02
350,56,M,Madurai,2024-03-17
351,35,F,Pune,2024-01-12
352,57,F,Kolkata,2024-02-08
353,18,F,Chennai,2024-01-13
354,28,F,Hyderabad,2024-02-15
355,45,F,Hyderabad,2024-06-03
356,42,F,Salem,2024-04-22
357,40,F,Delhi,2024-01-17
358,48,F,Pune,2024-04-13
359,47,F,Kolkata,2024-04-07
360,59,M,Madurai,2024-03-28
361,52,F,Chennai,2024-04-18
362,24,F,Pune,2024-06-11
363,33,F,Kolkata,2024-03-10
364,43,F,Mumbai,2024-06-06
365,19,F,Coimbatore,2024-03-14
366,18,F,Hyderabad,2024-03-03
367,29,F,Madurai,2024-06-04
368,22,F,Hyderabad,2024-02-29
369,54,F,Madurai,2024-03-19
370,49,F,Salem,2024-02-06
371,26,F,Delhi,2024-01-22
372,58,M,Madurai,2024-05-27
373,52,M,Hyderabad,2024-04-05
374,36,F,Salem,2024-03-08
375,33,F,Madurai,2024-01-17
376,20,M,Mumbai,2024-01-12
377,37,F,Delhi,2024-05-29
378,41,M,Madurai,2024-05-24
379,50,M,Salem,2024-05-17
380,41,M,Pune,2024-04-27
381,28,M,Bangalore,2024-01-22
382,25,M,Kolkata,2024-04-29
383,53,F,Bangalore,2024-02-19
384,55,M,Bangalore,2024-01-14
385,57,F,Chennai,2024-06-23
386,37,F,Mumbai,2024-01-29
387,52,M,Pune,2024-06-12
388,42,M,Coimbatore,2024-06-28
389,52,F,Madurai,2024-05-04
390,42,M,Kolkata,2024-01-07
391,46,M,Delhi,2024-01-29
392,35,F,Pune,2024-05-18
393,63,F,Hyderabad,2024-02-02
394,35,M,Coimbatore,2024-05-13
395,19,F,Chennai,2024-04-20
396,52,M,Chennai,2024-03-19
397,33,M,Pune,2024-06-08
398,58,M,Salem,2024-06-27
399,53,F,Bangalore,2024-02-27
400,50,F,Hyderabad,2024-01-26
401,21,F,Chennai,2024-06-22
402,50,F,Kolkata,2024-01-29
403,31,F,Chennai,2024-01-04
404,38,M,Delhi,2024-04-08
405,37,M,Madurai,2024-05-20
406,25,M,Chennai,2024-02-08
407,24,M,Delhi,2024-01-15
408,20,F,Pune,2024-04-28
409,34,M,Pune,2024-01-29
410,50,F,Coimbatore,2024-06-05
411,29,M,Chennai,2024-03-15
412,39,F,Kolkata,2024-04-25
413,39,F,Chennai,2024-02-01
414,63,M,Kolkata,2024-05-09
415,47,M,Mumbai,2024-06-23
416,55,M,Coimbatore,2024-03-24
417,55,M,Mumbai,2024-01-22
418,62,F,Chennai,2024-01-27
419,25,M,Coimbatore,2024-03-21
420,44,M,Mumbai,2024-05-05
421,44,F,Bangalore,2024-04-01
422,51,M,Chennai,2024-01-21
423,38,M,Mumbai,2024-02-16
424,47,M,Bangalore,2024-04-10
425,50,M,Bangalore,2024-03-24
426,45,M,Pune,2024-01-06
427,64,F,Chennai,2024-05-26
428,50,M,Bangalore,2024-05-10
429,22,M,Pune,2024-01-01
430,36,M,Mumbai,2024-02-27
431,21,M,Delhi,2024-05-03
432,52,M,Chennai,2024-06-14
433,34,F,Coimbatore,2024-01-15
434,61,M,Kolkata,2024-06-10
435,45,F,Kolkata,2024-06-11
436,47,F,Mumbai,2024-03-04
437,46,M,Salem,2024-01-25
438,63,M,Salem,2024-01-24
439,23,M,Mumbai,2024-01-12
440,52,M,Bangalore,2024-01-18
441,58,F,Chennai,2024-01-15
442,54,M,Kolkata,2024-01-27
443,41,M,Kolkata,2024-03-12
444,46,M,Bangalore,2024-02-29
445,63,M,Kolkata,2024-06-22
446,48,M,Coimbatore,2024-05-24
447,52,M,Chennai,2024-04-02
448,50,F,Madurai,2024-02-22
449,38,F,Kolkata,2024-01-08
450,49,M,Mumbai,2024-03-19
451,40,M,Coimbatore,2024-01-27
452,50,M,Kolkata,2024-06-22
453,20,F,Coimbatore,2024-02-19
454,35,M,Pune,2024-05-10
455,42,F,Madurai,2024-04-02
456,59,M,Hyderabad,2024-06-20
457,48,M,Mumbai,2024-01-24
458,20,M,Mumbai,2024-02-29
459,57,M,Chennai,2024-05-01
460,63,F,Coimbatore,2024-05-10
461,41,F,Bangalore,2024-05-27
462,49,M,Mumbai,2024-02-15
463,64,M,Coimbatore,2024-01-15
464,39,F,Coimbatore,2024-06-01
465,40,F,Delhi,2024-01-17
466,19,F,Delhi,2024-05-05
467,44,F,Hyderabad,2024-03-24
468,59,M,Pune,2024-01-09
469,19,F,Hyderabad,2024-06-14
470,43,M,Kolkata,2024-06-24
471,34,F,Bangalore,2024-03-03
472,57,F,Kolkata,2024-04-26
473,50,F,Salem,2024-05-09
474,26,F,Kolkata,2024-03-28
475,60,F,Chennai,2024-03-12
476,56,M,Kolkata,2024-05-18
477,46,M,Hyderabad,2024-03-04
478,59,F,Mumbai,2024-03-12
479,43,F,Mumbai,2024-01-21
480,52,M,Delhi,2024-01-18
481,42,F,Bangalore,2024-03-04
482,41,F,Bangalore,2024-03-22
483,30,M,Chennai,2024-04-19
484,24,F,Hyderabad,2024-04-04
485,53,F,Delhi,2024-06-14
486,62,M,Salem,2024-02-01
487,37,M,Bangalore,2024-01-11
488,18,M,Mumbai,2024-02-14
489,25,F,Kolkata,2024-02-02
490,63,M,Kolkata,2024-04-11
491,33,M,Delhi,2024-06-17
492,31,M,Hyderabad,2024-05-15
493,29,M,Hyderabad,2024-01-11
494,40,M,Pune,2024-06-27
495,32,M,Madurai,2024-03-28
496,45,F,Bangalore,2024-02-10
497,51,F,Hyderabad,2024-05-24
498,19,M,Mumbai,2024-03-16
499,49,M,Delhi,2024-04-30
500,40,M,Salem,2024-02-15
501,39,F,Pune,2024-06-08
502,42,F,Coimbatore,2024-03-20
503,39,F,Chennai,2024-02-23
504,39,F,Salem,2024-03-26
505,59,F,Coimbatore,2024-04-01
506,23,F,Kolkata,2024-05-27
507,32,F,Chennai,2024-06-09
508,60,F,Bangalore,2024-06-16
509,54,F,Mumbai,2024-06-08
510,50,M,Chennai,2024-04-06
511,25,M,Madurai,2024-01-02
512,61,M,Coimbatore,2024-02-02
513,61,M,Bangalore,2024-06-06
514,22,F,Madurai,2024-06-09
515,56,F,Kolkata,2024-03-17
516,21,M,Madurai,2024-04-25
517,23,F,Pune,2024-06-02
518,62,M,Pune,2024-05-29
519,49,F,Delhi,2024-04-12
520,47,M,Salem,2024-06-14
521,64,F,Salem,2024-04-12
522,52,F,Bangalore,2024-03-30
523,57,M,Kolkata,2024-06-22
524,33,F,Hyderabad,2024-05-01
525,30,M,Pune,2024-05-22
526,59,M,Bangalore,2024-04-15
527,47,M,Hyderabad,2024-04-28
528,36,M,Salem,2024-06-20
529,34,F,Delhi,2024-02-18
530,36,F,Madurai,2024-04-13
531,45,F,Pune,2024-03-01
532,43,M,Bangalore,2024-05-02
533,54,F,Chennai,2024-05-13
534,43,M,Hyderabad,2024-01-09
535,40,F,Madurai,2024-01-06
536,26,F,Pune,2024-03-13
537,29,F,Salem,2024-04-12
538,18,M,Kolkata,2024-06-08
539,18,F,Hyderabad,2024-02-10
540,64,F,Salem,2024-04-23
541,51,M,Pune,2024-01-08
542,49,F,Hyderabad,2024-03-12
543,42,M,Madurai,2024-06-26
544,57,F,Pune,2024-04-01
545,62,M,Coimbatore,2024-03-02
546,18,M,Bangalore,2024-03-24
547,33,F,Madurai,2024-03-02
548,56,M,Hyderabad,2024-04-20
549,22,M,Kolkata,2024-05-06
550,39,M,Salem,2024-01-07
551,46,M,Chennai,2024-03-24
552,20,M,Salem,2024-05-11
553,29,M,Hyderabad,2024-05-13
554,43,F,Salem,2024-02-27
555,33,M,Bangalore,2024-01-22
556,54,M,Pune,2024-06-02
557,39,F,Chennai,2024-05-06
558,46,F,Mumbai,2024-01-03
559,31,F,Hyderabad,2024-05-06
560,45,F,Delhi,2024-02-10
561,22,F,Mumbai,2024-04-15
562,64,F,Salem,2024-01-14
563,47,F,Hyderabad,2024-01-12
564,63,M,Coimbatore,2024-03-27
565,22,M,Delhi,2024-01-12
566,29,F,Chennai,2024-05-20
567,33,M,Kolkata,2024-01-25
568,43,M,Coimbatore,2024-02-14
569,43,M,Mumbai,2024-05-01
570,38,F,Pune,2024-05-26
571,56,F,Bangalore,2024-02-24
572,53,M,Kolkata,2024-04-09
573,50,F,Coimbatore,2024-06-21
574,47,M,Pune,2024-05-15
575,54,M,Pune,2024-04-28
576,40,M,Hyderabad,2024-02-22
577,27,M,Coimbatore,2024-02-01
578,22,F,Chennai,2024-02-20
579,53,F,Salem,2024-02-13
580,51,F,Delhi,2024-03-22
581,48,M,Delhi,2024-05-25
582,27,F,Mumbai,2024-05-29
583,36,M,Mumbai,2024-02-06
584,49,F,Delhi,2024-04-05
585,18,M,Chennai,2024-02-25
586,22,M,Bangalore,2024-04-14
587,62,M,Madurai,2024-02-28
588,21,F,Salem,2024-05-10
589,33,F,Bangalore,2024-06-04
590,41,F,Hyderabad,2024-02-04
591,33,F,Madurai,2024-04-02
592,19,M,Madurai,2024-04-06
593,45,F,Coimbatore,2024-05-14
594,49,F,Chennai,2024-03-16
595,44,M,Chennai,2024-02-18
596,37,M,Madurai,2024-04-03
597,41,M,Coimbatore,2024-06-07
598,29,F,Salem,2024-01-24
599,52,M,Madurai,2024-05-27
600,50,M,Kolkata,2024-02-06
