user_id,total_orders,total_spend,avg_order_value,last_purchase,first_purchase,unique_products,total_quantity,recency_days,customer_age_days,purchase_rate,total_views,total_carts,avg_time_spent,unique_viewed,cart_rate,fav_category,fav_cat_orders,will_buy,cluster,segment_name,segment_id
101,6,864645.26,144107.5433333333,2025-01-12,2024-02-08,6,21,170,509,0.0117878192534381,31,9,308.4193548387097,28,0.2903225806451613,Beauty,2,0,3,Loyal,3
102,10,1052852.31,105285.231,2025-04-26,2024-03-18,8,33,66,470,0.0212765957446808,27,11,334.81481481481484,24,0.4074074074074074,Fashion,4,0,1,High Value,1
103,8,1273120.46,159140.0575,2025-05-12,2024-06-14,8,26,50,382,0.0209424083769633,25,9,325.0,19,0.36,Fashion,2,0,3,Loyal,3
104,4,154852.03,38713.0075,2025-03-01,2024-05-20,4,9,122,407,0.0098280098280098,47,19,308.3191489361702,38,0.4042553191489361,Toys,2,0,2,New Customer,2
105,6,405744.2,67624.03333333334,2025-04-11,2024-04-02,5,17,81,455,0.0131868131868131,34,12,317.44117647058823,30,0.3529411764705882,Fashion,3,0,2,New Customer,2
106,5,537915.4,107583.08,2025-04-10,2024-01-28,5,17,82,520,0.0096153846153846,33,14,278.6060606060606,29,0.4242424242424242,Fashion,2,0,2,New Customer,2
107,5,231703.87,46340.774,2025-05-25,2024-05-19,4,14,37,408,0.0122549019607843,39,11,338.0,30,0.282051282051282,Books,3,0,2,New Customer,2
108,7,445485.14,63640.73428571429,2025-06-25,2024-01-06,7,14,6,542,0.0129151291512915,36,12,255.61111111111111,31,0.3333333333333333,Beauty,3,1,2,New Customer,2
109,7,878657.74,125522.53428571428,2025-02-25,2024-01-07,7,22,126,541,0.0129390018484288,32,14,315.09375,28,0.4375,Grocery,2,0,3,Loyal,3
110,6,704373.6799999999,117395.61333333331,2025-05-19,2024-01-01,6,15,43,547,0.0109689213893967,28,9,342.25,26,0.3214285714285714,Sports,2,0,2,New Customer,2
111,1,228458.6,228458.6,2024-09-05,2024-09-05,1,5,299,299,0.0033444816053511,38,14,239.8947368421053,33,0.3684210526315789,Beauty,1,0,0,At Risk,0
112,14,2578550.15,184182.15357142856,2025-06-11,2024-04-13,14,48,20,444,0.0315315315315315,29,11,343.6551724137931,26,0.3793103448275862,Home,3,1,1,High Value,1
113,9,1183359.86,131484.42888888888,2025-06-17,2024-07-01,9,21,14,365,0.0246575342465753,27,6,294.0,22,0.2222222222222222,Sports,2,1,1,High Value,1
114,5,418148.18,83629.636,2025-05-14,2024-01-22,5,8,48,526,0.0095057034220532,32,12,288.75,27,0.375,Electronics,2,0,2,New Customer,2
115,8,1040171.82,130021.4775,2025-06-03,2024-03-21,8,22,28,467,0.0171306209850107,29,8,291.9655172413793,27,0.2758620689655172,Fashion,2,1,3,Loyal,3
116,6,1191048.32,198508.05333333332,2025-03-17,2024-01-06,6,24,106,542,0.011070110701107,32,11,344.90625,26,0.34375,Home,2,0,3,Loyal,3
117,6,513875.56000000006,85645.92666666668,2025-05-18,2024-01-27,6,16,44,521,0.0115163147792706,36,13,288.5833333333333,29,0.3611111111111111,Grocery,2,0,2,New Customer,2
118,5,1097796.54,219559.308,2025-05-13,2024-04-04,5,20,49,453,0.0110375275938189,24,11,313.7916666666667,21,0.4583333333333333,Fashion,3,0,3,Loyal,3
119,3,536726.59,178908.8633333333,2024-08-18,2024-01-04,3,11,317,544,0.0055147058823529,29,7,317.1034482758621,24,0.2413793103448276,Beauty,1,0,0,At Risk,0
120,10,1258608.55,125860.855,2025-05-18,2024-01-02,10,29,44,546,0.0183150183150183,21,5,280.42857142857144,21,0.238095238095238,Books,3,0,1,High Value,1
121,6,751550.22,125258.37,2025-03-25,2024-03-19,6,19,98,469,0.0127931769722814,22,6,286.77272727272725,19,0.2727272727272727,Sports,2,0,3,Loyal,3
122,11,1633489.66,148499.06,2025-06-14,2024-01-16,11,40,17,532,0.0206766917293233,31,13,290.741935483871,25,0.4193548387096774,Grocery,3,1,1,High Value,1
123,8,1144407.85,143050.98125,2025-03-04,2024-05-13,8,29,119,414,0.0193236714975845,29,8,333.1034482758621,24,0.2758620689655172,Toys,3,0,3,Loyal,3
124,10,958085.39,95808.539,2025-06-21,2024-02-03,10,28,10,514,0.0194552529182879,32,10,303.5625,29,0.3125,Sports,2,1,1,High Value,1
125,9,1259293.58,139921.5088888889,2025-06-26,2024-04-17,8,34,5,440,0.0204545454545454,30,14,314.1666666666667,27,0.4666666666666667,Electronics,3,1,1,High Value,1
126,6,893473.44,148912.24,2025-04-27,2024-08-13,6,20,65,322,0.0186335403726708,27,5,327.962962962963,27,0.1851851851851851,Toys,2,0,3,Loyal,3
127,6,1072467.94,178744.65666666665,2025-05-03,2024-06-30,6,21,59,366,0.0163934426229508,21,6,270.3809523809524,17,0.2857142857142857,Books,3,0,3,Loyal,3
128,12,1525474.26,127122.855,2025-05-12,2024-02-12,9,41,50,505,0.0237623762376237,29,9,298.2758620689655,26,0.3103448275862069,Toys,3,0,1,High Value,1
129,3,135289.18,45096.39333333333,2025-02-19,2024-05-06,3,5,132,421,0.007125890736342,34,9,325.7647058823529,30,0.2647058823529412,Beauty,2,0,0,At Risk,0
130,2,147618.54,73809.27,2024-10-13,2024-07-03,2,5,261,363,0.0055096418732782,27,7,292.44444444444446,25,0.2592592592592592,Books,1,0,0,At Risk,0
131,7,503552.78,71936.11142857143,2025-05-25,2024-04-02,7,19,37,455,0.0153846153846153,35,16,317.9428571428571,28,0.4571428571428571,Books,3,0,2,New Customer,2
132,6,580013.49,96668.915,2025-02-02,2024-02-24,6,18,149,493,0.0121703853955375,37,11,284.43243243243245,34,0.2972972972972973,Beauty,2,0,2,New Customer,2
133,5,586679.5,117335.9,2024-11-03,2024-01-17,5,18,240,531,0.0094161958568738,32,12,297.875,28,0.375,Sports,2,0,0,At Risk,0
134,12,1284790.97,107065.91416666668,2025-05-20,2024-01-12,11,31,42,536,0.0223880597014925,24,6,369.5416666666667,19,0.25,Fashion,5,0,1,High Value,1
135,8,1135950.68,141993.835,2025-06-03,2024-03-17,8,28,28,471,0.0169851380042462,34,9,253.4705882352941,30,0.2647058823529412,Books,2,1,3,Loyal,3
136,9,816019.0,90668.77777777778,2025-05-23,2024-03-24,8,22,39,464,0.0193965517241379,21,9,294.3809523809524,20,0.4285714285714285,Fashion,3,0,2,New Customer,2
137,5,449829.85,89965.97,2025-03-08,2024-07-16,5,11,115,350,0.0142857142857142,21,5,264.7142857142857,20,0.238095238095238,Grocery,2,0,2,New Customer,2
138,6,453220.02,75536.67,2025-01-23,2024-01-21,5,16,159,527,0.0113851992409867,34,14,287.52941176470586,30,0.4117647058823529,Books,2,0,2,New Customer,2
139,3,499790.89,166596.96333333335,2025-05-02,2024-12-08,3,7,60,205,0.0146341463414634,30,6,327.56666666666666,29,0.2,Toys,1,0,3,Loyal,3
140,7,633177.45,90453.92142857144,2025-04-19,2024-04-15,7,16,73,442,0.0158371040723981,19,6,300.10526315789474,15,0.3157894736842105,Home,2,0,2,New Customer,2
141,12,1515226.34,126268.86166666663,2025-06-17,2024-04-30,11,34,14,427,0.0281030444964871,29,7,297.86206896551727,23,0.2413793103448276,Home,2,1,1,High Value,1
142,5,382952.23,76590.446,2025-04-18,2024-01-29,5,16,74,519,0.0096339113680154,34,11,264.79411764705884,29,0.3235294117647059,Grocery,2,0,2,New Customer,2
143,8,653655.26,81706.9075,2025-05-26,2024-02-15,7,29,36,502,0.0159362549800796,35,13,280.7142857142857,31,0.3714285714285714,Home,3,0,2,New Customer,2
144,6,610111.8,101685.3,2025-05-15,2024-02-14,6,20,47,503,0.0119284294234592,27,9,330.44444444444446,25,0.3333333333333333,Toys,2,0,2,New Customer,2
145,10,1385515.28,138551.528,2025-05-15,2024-01-09,10,28,47,539,0.0185528756957328,32,13,350.9375,28,0.40625,Fashion,3,0,1,High Value,1
146,5,318197.92,63639.584,2025-04-16,2024-01-06,5,11,76,542,0.0092250922509225,39,17,303.1025641025641,28,0.4358974358974359,Fashion,2,0,2,New Customer,2
147,16,1818970.62,113685.66375,2025-04-02,2024-01-22,15,48,90,526,0.0304182509505703,22,8,269.90909090909093,18,0.3636363636363636,Grocery,6,0,1,High Value,1
148,10,1102434.32,110243.432,2025-02-18,2024-06-30,9,27,133,366,0.0273224043715847,25,8,360.8,23,0.32,Electronics,3,0,1,High Value,1
149,9,962347.69,106927.5211111111,2025-06-25,2024-01-13,9,22,6,535,0.016822429906542,27,9,334.2962962962963,25,0.3333333333333333,Beauty,3,1,1,High Value,1
150,5,594031.18,118806.236,2025-03-18,2024-05-28,5,14,105,399,0.012531328320802,34,14,320.38235294117646,27,0.4117647058823529,Beauty,2,0,2,New Customer,2
151,7,631654.85,90236.40714285712,2025-06-25,2024-03-13,7,19,6,475,0.0147368421052631,23,9,242.43478260869568,20,0.391304347826087,Fashion,2,1,2,New Customer,2
152,13,2088627.71,160663.66999999998,2025-05-22,2024-01-06,12,39,40,542,0.0239852398523985,31,11,325.06451612903226,29,0.3548387096774194,Fashion,4,0,1,High Value,1
153,10,1560118.42,156011.842,2024-12-30,2024-02-06,10,32,183,511,0.0195694716242661,34,8,320.94117647058823,29,0.2352941176470588,Fashion,3,0,1,High Value,1
154,3,588316.28,196105.42666666667,2024-09-14,2024-04-24,3,12,290,433,0.0069284064665127,39,13,305.38461538461536,35,0.3333333333333333,Fashion,1,0,0,At Risk,0
155,8,539899.0,67487.375,2025-04-22,2024-02-26,8,22,70,491,0.0162932790224032,45,10,296.8222222222222,35,0.2222222222222222,Books,3,0,2,New Customer,2
156,12,1309952.46,109162.705,2025-04-27,2024-06-01,12,35,65,395,0.030379746835443,38,16,348.89473684210526,31,0.4210526315789473,Grocery,4,0,1,High Value,1
157,7,585233.93,83604.84714285715,2025-06-12,2024-05-05,7,18,19,422,0.0165876777251184,38,11,290.0263157894737,30,0.2894736842105263,Fashion,2,1,2,New Customer,2
158,11,1211136.13,110103.28454545452,2025-03-09,2024-01-22,11,29,114,526,0.0209125475285171,24,6,363.875,20,0.25,Beauty,3,0,1,High Value,1
159,11,2034292.71,184935.7009090909,2025-05-18,2024-01-26,10,43,44,522,0.0210727969348659,34,11,305.02941176470586,28,0.3235294117647059,Grocery,2,0,1,High Value,1
160,11,921759.55,83796.32272727274,2025-05-30,2024-01-02,11,28,32,546,0.0201465201465201,31,10,291.5483870967742,27,0.3225806451612903,Beauty,2,0,1,High Value,1
161,8,620138.55,77517.31875,2025-06-10,2024-01-04,8,22,21,544,0.0147058823529411,27,4,326.22222222222223,24,0.1481481481481481,Beauty,3,1,2,New Customer,2
162,7,688730.86,98390.12285714284,2025-05-19,2024-06-26,7,20,43,370,0.0189189189189189,31,7,316.7096774193548,27,0.2258064516129032,Beauty,2,0,2,New Customer,2
163,6,793419.21,132236.535,2025-05-26,2024-03-22,6,22,36,466,0.0128755364806866,31,9,275.4193548387097,25,0.2903225806451613,Books,2,0,3,Loyal,3
164,7,597244.95,85320.70714285714,2025-04-04,2024-08-26,7,16,88,309,0.0226537216828478,28,12,351.5,24,0.4285714285714285,Books,2,0,2,New Customer,2
165,6,634143.24,105690.54,2025-01-23,2024-01-01,6,17,159,547,0.0109689213893967,32,13,333.6875,29,0.40625,Books,2,0,2,New Customer,2
166,5,452351.13,90470.226,2024-08-11,2024-01-02,5,18,324,546,0.0091575091575091,40,13,323.325,35,0.325,Sports,2,0,0,At Risk,0
167,3,269457.0,89819.0,2025-06-27,2024-04-10,3,8,4,447,0.0067114093959731,18,8,323.6111111111111,17,0.4444444444444444,Grocery,1,1,2,New Customer,2
168,8,668309.37,83538.67125,2025-06-30,2024-01-22,7,14,1,526,0.0152091254752851,21,4,289.4761904761905,19,0.1904761904761904,Sports,3,1,2,New Customer,2
169,10,1450713.9,145071.38999999998,2025-06-17,2024-01-17,10,33,14,531,0.0188323917137476,30,15,330.1666666666667,27,0.5,Fashion,3,1,1,High Value,1
170,4,477174.85,119293.7125,2025-04-09,2024-02-13,4,9,83,504,0.0079365079365079,37,11,299.5135135135135,29,0.2972972972972973,Beauty,1,0,2,New Customer,2
171,8,1635747.15,204468.39375,2025-06-15,2024-01-05,8,30,16,543,0.0147329650092081,34,10,289.8529411764706,22,0.2941176470588235,Books,2,1,3,Loyal,3
172,11,1605173.19,145924.83545454545,2025-04-03,2024-04-19,10,38,89,438,0.0251141552511415,30,13,246.13333333333333,28,0.4333333333333333,Books,2,0,1,High Value,1
173,8,871995.11,108999.38875,2025-04-29,2024-01-29,8,23,63,519,0.0154142581888246,26,6,300.96153846153845,24,0.2307692307692307,Sports,3,0,2,New Customer,2
174,5,649426.56,129885.312,2025-04-18,2024-08-07,5,15,74,328,0.0152439024390243,32,10,260.5625,26,0.3125,Home,2,0,2,New Customer,2
175,11,1075418.21,97765.2918181818,2025-06-29,2024-01-13,11,31,2,535,0.0205607476635514,32,9,302.46875,24,0.28125,Fashion,4,1,1,High Value,1
176,14,964831.67,68916.54785714285,2025-05-22,2024-01-27,12,28,40,521,0.0268714011516314,33,8,296.6363636363636,28,0.2424242424242424,Sports,3,0,1,High Value,1
177,7,649195.44,92742.20571428572,2025-01-19,2024-05-12,7,20,163,415,0.016867469879518,40,14,320.3,32,0.35,Sports,3,0,2,New Customer,2
178,7,690217.76,98602.53714285714,2025-05-26,2024-01-24,7,23,36,524,0.0133587786259541,23,12,331.1304347826087,20,0.5217391304347826,Electronics,2,0,2,New Customer,2
179,6,471343.09,78557.18166666667,2025-06-27,2024-08-18,6,18,4,317,0.0189274447949526,21,7,326.3333333333333,19,0.3333333333333333,Beauty,3,1,2,New Customer,2
180,10,1164254.52,116425.452,2025-03-20,2024-01-01,10,29,103,547,0.0182815356489945,34,13,268.55882352941177,30,0.3823529411764705,Fashion,4,0,1,High Value,1
181,4,230446.72,57611.68,2024-12-23,2024-01-16,4,8,190,532,0.0075187969924812,33,12,324.1212121212121,28,0.3636363636363636,Sports,2,0,0,At Risk,0
182,10,1006767.61,100676.761,2025-03-05,2024-01-30,10,37,118,518,0.0193050193050193,29,6,307.4482758620689,25,0.2068965517241379,Fashion,3,0,1,High Value,1
183,9,1386682.41,154075.82333333333,2025-04-08,2024-01-06,9,33,84,542,0.0166051660516605,19,5,341.5263157894737,18,0.2631578947368421,Electronics,2,0,1,High Value,1
184,6,620340.56,103390.09333333334,2025-03-18,2024-05-29,6,12,105,398,0.0150753768844221,39,10,312.56410256410254,34,0.2564102564102564,Fashion,2,0,2,New Customer,2
185,4,346203.29,86550.8225,2024-08-18,2024-01-11,4,11,317,537,0.0074487895716946,34,14,345.3235294117647,30,0.4117647058823529,Books,1,0,0,At Risk,0
186,12,1608063.05,134005.25416666668,2025-06-05,2024-02-27,11,34,26,490,0.0244897959183673,29,14,335.9655172413793,26,0.4827586206896552,Sports,3,1,1,High Value,1
187,8,1085518.74,135689.8425,2025-05-22,2024-01-16,8,23,40,532,0.0150375939849624,31,10,290.2903225806452,26,0.3225806451612903,Toys,2,0,3,Loyal,3
188,12,1228498.0,102374.83333333331,2025-06-30,2024-01-18,10,29,1,530,0.0226415094339622,22,7,248.5909090909091,21,0.3181818181818182,Beauty,5,1,1,High Value,1
189,6,844692.07,140782.01166666666,2025-05-18,2024-01-30,6,18,44,518,0.0115830115830115,31,13,237.9032258064516,26,0.4193548387096774,Electronics,2,0,3,Loyal,3
190,12,1795985.0,149665.41666666666,2025-06-29,2024-03-09,11,37,2,479,0.0250521920668058,30,9,336.6333333333333,23,0.3,Sports,3,1,1,High Value,1
191,6,479360.01,79893.335,2025-06-25,2024-02-25,6,17,6,492,0.0121951219512195,31,7,309.51612903225805,27,0.2258064516129032,Fashion,2,1,2,New Customer,2
192,7,682403.62,97486.23142857142,2025-06-30,2024-04-22,7,17,1,435,0.0160919540229885,38,16,307.13157894736844,31,0.4210526315789473,Beauty,3,1,2,New Customer,2
193,7,458571.27,65510.18142857143,2025-06-30,2024-06-23,7,14,1,373,0.0187667560321715,33,5,272.8484848484849,32,0.1515151515151515,Fashion,4,1,2,New Customer,2
194,5,340708.16,68141.632,2025-04-06,2024-01-31,5,9,86,517,0.0096711798839458,28,7,237.32142857142856,22,0.25,Beauty,2,0,2,New Customer,2
195,9,1271957.92,141328.65777777776,2025-02-07,2024-01-03,9,28,144,545,0.0165137614678899,30,11,259.43333333333334,24,0.3666666666666666,Sports,3,0,1,High Value,1
196,12,950090.39,79174.19916666667,2025-05-17,2024-02-14,11,28,45,503,0.0238568588469184,28,9,271.8928571428572,25,0.3214285714285714,Sports,3,0,1,High Value,1
197,10,1066768.65,106676.865,2025-06-19,2024-02-03,9,20,12,514,0.0194552529182879,30,7,310.3,26,0.2333333333333333,Electronics,4,1,1,High Value,1
198,7,915753.85,130821.97857142855,2025-06-20,2024-01-09,7,17,11,539,0.0129870129870129,35,11,325.2857142857143,29,0.3142857142857143,Electronics,3,1,3,Loyal,3
199,5,552957.25,110591.45,2025-06-29,2024-09-12,5,13,2,292,0.0171232876712328,29,12,348.9655172413793,26,0.4137931034482758,Grocery,2,1,2,New Customer,2
200,10,901358.44,90135.844,2025-06-06,2024-01-21,10,37,25,527,0.0189753320683111,36,12,306.02777777777777,27,0.3333333333333333,Home,2,1,1,High Value,1
201,7,1318882.87,188411.83857142855,2025-04-29,2024-02-01,6,24,63,516,0.0135658914728682,29,14,285.55172413793105,27,0.4827586206896552,Books,3,0,3,Loyal,3
202,5,357883.38,71576.676,2025-05-29,2024-01-23,5,15,33,525,0.0095238095238095,28,10,347.85714285714283,25,0.3571428571428571,Grocery,2,0,2,New Customer,2
203,10,1363205.34,136320.534,2025-01-09,2024-03-07,10,37,173,481,0.0207900207900207,32,9,312.125,26,0.28125,Toys,3,0,1,High Value,1
204,7,688228.2999999999,98318.32857142856,2025-05-30,2024-03-25,6,22,32,463,0.0151187904967602,35,11,296.54285714285714,29,0.3142857142857143,Fashion,4,0,2,New Customer,2
205,6,385031.17,64171.86166666666,2025-04-30,2024-10-21,6,13,62,253,0.0237154150197628,28,10,305.42857142857144,24,0.3571428571428571,Fashion,2,0,2,New Customer,2
206,6,365368.21,60894.70166666667,2025-06-20,2024-04-14,6,15,11,443,0.0135440180586907,29,14,269.3103448275862,28,0.4827586206896552,Sports,2,1,2,New Customer,2
207,7,770394.89,110056.41285714286,2025-06-21,2024-01-16,7,24,10,532,0.0131578947368421,31,12,333.80645161290323,28,0.3870967741935484,Beauty,2,1,2,New Customer,2
208,9,562962.38,62551.375555555554,2025-04-26,2024-01-19,8,23,66,529,0.0170132325141776,40,13,292.7,34,0.325,Fashion,3,0,2,New Customer,2
209,11,1469556.96,133596.08727272728,2025-06-01,2024-01-08,11,34,30,540,0.0203703703703703,30,13,246.6,23,0.4333333333333333,Books,3,1,1,High Value,1
210,3,429802.4,143267.46666666665,2024-11-15,2024-09-11,3,11,228,293,0.0102389078498293,26,10,286.46153846153845,22,0.3846153846153846,Electronics,1,0,0,At Risk,0
211,9,905667.26,100629.69555555556,2025-01-15,2024-01-14,9,26,167,534,0.0168539325842696,28,9,330.32142857142856,25,0.3214285714285714,Books,3,0,2,New Customer,2
212,7,651137.6699999999,93019.66714285711,2025-05-21,2024-01-10,5,15,41,538,0.0130111524163568,41,10,293.9024390243902,32,0.2439024390243902,Sports,4,0,2,New Customer,2
213,11,1730804.35,157345.85,2025-06-27,2024-02-06,11,39,4,511,0.0215264187866927,25,5,291.6,23,0.2,Home,3,1,1,High Value,1
214,8,772334.37,96541.79625,2025-02-07,2024-02-03,8,22,144,514,0.0155642023346303,34,7,308.2058823529412,29,0.2058823529411764,Toys,3,0,2,New Customer,2
215,8,1138985.96,142373.245,2025-05-20,2024-02-11,8,25,42,506,0.0158102766798418,34,10,327.5882352941176,29,0.2941176470588235,Books,3,0,3,Loyal,3
216,11,1338753.36,121704.85090909092,2025-04-20,2024-01-16,11,34,72,532,0.0206766917293233,22,10,314.77272727272725,19,0.4545454545454545,Books,4,0,1,High Value,1
217,7,1035614.0,147944.85714285713,2025-06-28,2024-01-17,7,18,3,531,0.0131826741996233,29,6,318.17241379310343,27,0.2068965517241379,Beauty,3,1,3,Loyal,3
218,9,1389795.49,154421.7211111111,2025-05-01,2024-05-04,9,28,61,423,0.0212765957446808,32,10,324.15625,27,0.3125,Beauty,2,0,1,High Value,1
219,8,1113019.26,139127.4075,2025-06-24,2024-01-11,6,26,7,537,0.0148975791433892,24,4,271.8333333333333,23,0.1666666666666666,Electronics,4,1,3,Loyal,3
220,5,1056460.56,211292.112,2025-02-20,2024-02-14,5,22,131,503,0.0099403578528827,25,8,355.56,22,0.32,Electronics,2,0,3,Loyal,3
221,13,1902461.63,146343.2023076923,2025-06-30,2024-01-02,13,40,1,546,0.0238095238095238,35,16,312.2,31,0.4571428571428571,Electronics,2,1,1,High Value,1
222,5,686745.62,137349.124,2025-03-30,2024-06-20,5,17,93,376,0.0132978723404255,20,5,366.2,19,0.25,Fashion,1,0,3,Loyal,3
223,6,1251275.77,208545.96166666667,2025-05-22,2024-01-25,6,27,40,523,0.011472275334608,23,7,334.9130434782609,20,0.3043478260869565,Beauty,2,0,3,Loyal,3
224,6,738683.77,123113.96166666668,2025-03-12,2024-03-16,6,22,111,472,0.0127118644067796,41,13,249.8780487804878,35,0.3170731707317073,Toys,2,0,2,New Customer,2
225,6,311534.14,51922.35666666667,2025-01-23,2024-02-13,6,14,159,504,0.0119047619047619,28,10,283.35714285714283,23,0.3571428571428571,Fashion,3,0,2,New Customer,2
226,8,617832.48,77229.06,2025-03-02,2024-04-22,7,14,121,435,0.0183908045977011,30,13,287.43333333333334,24,0.4333333333333333,Books,2,0,2,New Customer,2
227,6,811531.24,135255.2066666667,2025-04-30,2024-02-13,6,20,62,504,0.0119047619047619,24,7,355.9583333333333,18,0.2916666666666667,Toys,1,0,3,Loyal,3
228,9,1347324.87,149702.76333333334,2025-04-30,2024-01-12,9,26,62,536,0.0167910447761194,31,9,296.1935483870968,28,0.2903225806451613,Beauty,5,0,1,High Value,1
229,5,480731.3,96146.26,2025-05-13,2024-05-06,5,9,49,421,0.01187648456057,31,7,274.6774193548387,26,0.2258064516129032,Toys,2,0,2,New Customer,2
230,9,1130586.29,125620.69888888887,2024-12-31,2024-01-03,9,29,182,545,0.0165137614678899,38,16,339.7631578947368,32,0.4210526315789473,Books,3,0,1,High Value,1
231,10,910645.12,91064.512,2025-05-30,2024-04-28,9,24,32,429,0.0233100233100233,28,12,336.17857142857144,25,0.4285714285714285,Fashion,3,0,1,High Value,1
232,5,195978.08,39195.616,2025-05-31,2024-01-26,5,9,31,522,0.0095785440613026,27,6,326.81481481481484,26,0.2222222222222222,Fashion,2,0,2,New Customer,2
233,6,698150.64,116358.44,2024-05-19,2024-01-27,6,13,408,521,0.0115163147792706,30,11,337.76666666666665,26,0.3666666666666666,Fashion,2,0,0,At Risk,0
234,6,482592.64,80432.10666666667,2024-11-01,2024-01-04,6,19,242,544,0.0110294117647058,41,13,291.5853658536585,36,0.3170731707317073,Home,3,0,0,At Risk,0
235,7,806923.28,115274.75428571428,2025-06-24,2024-02-28,6,19,7,489,0.0143149284253578,31,8,336.0967741935484,28,0.2580645161290322,Grocery,3,1,2,New Customer,2
236,8,790233.79,98779.22375,2025-05-11,2024-01-11,8,22,51,537,0.0148975791433892,23,5,317.1304347826087,19,0.217391304347826,Home,2,0,2,New Customer,2
237,8,978276.15,122284.51875,2025-06-29,2024-01-23,7,24,2,525,0.0152380952380952,27,12,250.88888888888889,25,0.4444444444444444,Fashion,3,1,3,Loyal,3
238,5,815726.2,163145.24,2025-06-18,2024-01-13,5,16,13,535,0.0093457943925233,27,11,324.7407407407408,24,0.4074074074074074,Sports,2,1,3,Loyal,3
239,8,1322843.53,165355.44125,2025-05-31,2024-03-22,8,23,31,466,0.0171673819742489,26,8,298.88461538461536,23,0.3076923076923077,Home,3,0,3,Loyal,3
240,4,753688.54,188422.135,2025-04-12,2024-08-28,4,14,80,307,0.013029315960912,32,12,299.21875,28,0.375,Grocery,2,0,3,Loyal,3
241,6,487703.3,81283.88333333333,2025-05-04,2024-01-24,6,15,58,524,0.0114503816793893,30,10,351.06666666666666,27,0.3333333333333333,Sports,2,0,2,New Customer,2
242,8,819848.4299999999,102481.05375,2025-06-13,2024-01-31,8,22,18,517,0.0154738878143133,28,16,300.10714285714283,26,0.5714285714285714,Books,2,1,2,New Customer,2
243,7,1217809.23,173972.74714285714,2025-03-10,2024-03-21,7,22,113,467,0.0149892933618843,26,6,239.34615384615384,21,0.2307692307692307,Toys,3,0,3,Loyal,3
244,4,444872.86,111218.215,2025-01-19,2024-04-14,4,13,163,443,0.0090293453724604,40,19,303.575,36,0.475,Beauty,1,0,0,At Risk,0
245,4,509886.7,127471.675,2025-04-26,2024-11-23,4,11,66,220,0.0181818181818181,43,17,316.90697674418607,30,0.3953488372093023,Grocery,1,0,2,New Customer,2
246,8,1019637.67,127454.70875,2025-06-23,2024-02-06,8,24,8,511,0.0156555772994129,33,8,314.8787878787879,31,0.2424242424242424,Beauty,3,1,3,Loyal,3
247,5,891919.14,178383.828,2025-02-01,2024-03-02,5,17,150,486,0.0102880658436214,28,10,302.7142857142857,25,0.3571428571428571,Books,2,0,3,Loyal,3
248,5,1217345.31,243469.062,2025-03-09,2024-03-19,5,22,114,469,0.0106609808102345,33,14,293.1515151515151,28,0.4242424242424242,Toys,2,0,3,Loyal,3
249,11,1118263.9,101660.35454545454,2025-04-19,2024-01-27,11,26,73,521,0.0211132437619961,33,11,297.5757575757576,28,0.3333333333333333,Sports,3,0,1,High Value,1
250,6,947450.78,157908.46333333332,2025-04-12,2024-03-27,5,17,80,461,0.0130151843817787,31,12,308.80645161290323,29,0.3870967741935484,Books,2,0,3,Loyal,3
251,8,807124.0399999999,100890.505,2025-04-09,2024-02-22,8,21,83,495,0.0161616161616161,20,4,347.35,17,0.2,Electronics,2,0,2,New Customer,2
252,6,780348.08,130058.01333333332,2024-12-03,2024-03-19,6,14,210,469,0.0127931769722814,26,4,318.1923076923077,23,0.1538461538461538,Books,2,0,0,At Risk,0
253,8,1386381.73,173297.71625,2025-05-19,2024-02-02,8,30,43,515,0.0155339805825242,25,5,285.12,22,0.2,Books,3,0,3,Loyal,3
254,5,307385.6,61477.12,2025-03-16,2024-01-12,5,11,107,536,0.0093283582089552,34,13,305.55882352941177,31,0.3823529411764705,Electronics,2,0,2,New Customer,2
255,9,815711.93,90634.6588888889,2025-06-16,2024-01-12,9,23,15,536,0.0167910447761194,48,16,244.5,35,0.3333333333333333,Fashion,4,1,2,New Customer,2
256,7,486624.65,69517.80714285714,2024-11-29,2024-01-14,7,21,214,534,0.0131086142322097,25,10,352.84,23,0.4,Electronics,2,0,0,At Risk,0
257,4,492596.54,123149.135,2025-04-30,2024-01-24,3,17,62,524,0.0076335877862595,21,5,274.3809523809524,19,0.238095238095238,Fashion,2,0,2,New Customer,2
258,8,817966.2,102245.775,2025-02-11,2024-03-15,8,28,140,473,0.0169133192389006,27,11,282.6666666666667,24,0.4074074074074074,Home,2,0,2,New Customer,2
259,7,486866.63,69552.37571428572,2025-06-08,2024-01-01,7,19,23,547,0.0127970749542961,27,8,312.1481481481481,23,0.2962962962962963,Fashion,3,1,2,New Customer,2
260,10,1116724.37,111672.437,2025-06-30,2024-01-25,9,29,1,523,0.0191204588910133,39,9,302.4102564102564,33,0.2307692307692307,Fashion,3,1,1,High Value,1
261,5,314915.75,62983.15,2025-06-29,2024-07-04,4,14,2,362,0.0138121546961325,30,13,341.46666666666664,25,0.4333333333333333,Fashion,2,1,2,New Customer,2
262,5,457861.29,91572.258,2025-03-20,2024-06-30,5,12,103,366,0.0136612021857923,26,7,290.11538461538464,23,0.2692307692307692,Toys,1,0,2,New Customer,2
263,8,813877.53,101734.69125,2025-06-07,2024-01-26,7,23,24,522,0.0153256704980842,34,15,313.4117647058824,29,0.4411764705882353,Home,2,1,2,New Customer,2
264,10,1043857.53,104385.753,2025-02-26,2024-02-11,9,27,125,506,0.0197628458498023,38,14,296.3421052631579,31,0.3684210526315789,Electronics,3,0,1,High Value,1
265,9,1094453.67,121605.96333333332,2025-05-05,2024-04-18,9,26,57,439,0.020501138952164,40,21,322.775,34,0.525,Beauty,3,0,1,High Value,1
266,9,690303.85,76700.42777777778,2025-04-07,2024-01-15,9,25,85,533,0.0168855534709193,35,10,333.1714285714286,30,0.2857142857142857,Books,2,0,2,New Customer,2
267,7,894591.5599999999,127798.79428571428,2025-06-09,2024-02-16,7,27,22,501,0.0139720558882235,27,9,329.25925925925924,24,0.3333333333333333,Books,4,1,3,Loyal,3
268,6,447158.16,74526.36,2025-01-29,2024-02-02,6,16,153,515,0.0116504854368932,34,11,311.0882352941176,30,0.3235294117647059,Books,2,0,2,New Customer,2
269,6,699300.14,116550.02333333332,2025-06-16,2024-04-09,5,16,15,448,0.0133928571428571,30,10,321.1666666666667,23,0.3333333333333333,Books,3,1,2,New Customer,2
270,3,241307.65,80435.88333333333,2025-06-25,2024-10-01,3,8,6,273,0.0109890109890109,30,9,318.93333333333334,28,0.3,Books,2,1,2,New Customer,2
271,10,677537.65,67753.765,2025-04-06,2024-04-07,9,29,86,450,0.0222222222222222,28,7,326.7857142857143,24,0.25,Fashion,3,0,2,New Customer,2
272,4,497208.18000000005,124302.045,2025-04-06,2024-04-10,4,18,86,447,0.0089485458612975,36,15,243.22222222222223,28,0.4166666666666667,Fashion,1,0,2,New Customer,2
273,8,914344.4,114293.05,2025-05-09,2024-01-14,8,29,53,534,0.0149812734082397,25,7,340.8,23,0.28,Beauty,3,0,2,New Customer,2
274,4,685697.5700000001,171424.39250000002,2025-05-09,2024-11-16,4,13,53,227,0.0176211453744493,30,12,305.7333333333333,27,0.4,Sports,2,0,3,Loyal,3
275,6,659261.97,109876.995,2025-06-27,2024-05-01,6,22,4,426,0.0140845070422535,39,17,341.5897435897436,33,0.4358974358974359,Sports,3,1,2,New Customer,2
276,4,601761.0,150440.25,2024-10-02,2024-02-25,3,13,272,492,0.008130081300813,27,11,298.037037037037,23,0.4074074074074074,Home,2,0,0,At Risk,0
277,11,1076980.47,97907.31545454545,2025-06-03,2024-04-02,10,32,28,455,0.0241758241758241,37,14,298.3243243243243,32,0.3783783783783784,Beauty,3,1,1,High Value,1
278,7,968721.69,138388.81285714285,2025-01-23,2024-01-22,7,21,159,526,0.0133079847908745,31,16,274.2903225806452,24,0.5161290322580645,Beauty,2,0,3,Loyal,3
279,8,658091.19,82261.39875,2025-04-05,2024-06-25,8,23,87,371,0.0215633423180593,36,10,287.05555555555554,29,0.2777777777777778,Beauty,2,0,2,New Customer,2
280,4,624472.21,156118.0525,2024-08-19,2024-04-27,4,14,316,430,0.0093023255813953,31,8,291.0,25,0.2580645161290322,Fashion,1,0,0,At Risk,0
281,3,356358.32,118786.10666666667,2024-10-04,2024-06-20,3,10,270,376,0.0079787234042553,19,7,308.2631578947368,17,0.3684210526315789,Grocery,1,0,0,At Risk,0
282,9,920727.38,102303.04222222224,2025-05-03,2024-01-06,8,30,59,542,0.0166051660516605,29,9,296.82758620689657,25,0.3103448275862069,Fashion,4,0,2,New Customer,2
283,5,773612.1,154722.41999999998,2024-07-11,2024-02-23,5,16,355,494,0.0101214574898785,32,13,311.5,29,0.40625,Electronics,2,0,0,At Risk,0
284,8,198691.09,24836.38625,2025-01-11,2024-04-02,8,15,171,455,0.0175824175824175,30,13,355.46666666666664,26,0.4333333333333333,Electronics,2,0,2,New Customer,2
285,9,1118983.26,124331.47333333331,2025-04-22,2024-01-06,8,27,70,542,0.0166051660516605,33,14,318.8181818181818,28,0.4242424242424242,Beauty,2,0,1,High Value,1
286,2,22495.06,11247.53,2024-09-27,2024-02-12,2,2,277,505,0.0039603960396039,29,7,289.7241379310345,27,0.2413793103448276,Sports,1,0,0,At Risk,0
287,7,758284.9500000001,108326.42142857144,2025-05-23,2024-02-01,6,14,39,516,0.0135658914728682,37,9,327.4594594594595,36,0.2432432432432432,Electronics,3,0,2,New Customer,2
288,5,1169010.81,233802.162,2025-06-15,2024-03-13,5,18,16,475,0.0105263157894736,27,11,284.7037037037037,25,0.4074074074074074,Beauty,2,1,3,Loyal,3
289,7,954171.94,136310.27714285714,2025-03-17,2024-04-29,6,24,106,428,0.0163551401869158,27,13,325.037037037037,23,0.4814814814814814,Books,2,0,3,Loyal,3
290,11,1762955.58,160268.6890909091,2025-05-15,2024-01-09,11,41,47,539,0.0204081632653061,26,7,328.15384615384613,20,0.2692307692307692,Books,3,0,1,High Value,1
291,4,471477.62,117869.405,2025-05-19,2024-02-06,4,10,43,511,0.0078277886497064,26,11,307.6923076923077,22,0.4230769230769231,Electronics,2,0,2,New Customer,2
292,5,761713.07,152342.614,2025-05-27,2024-04-03,5,14,35,454,0.0110132158590308,25,11,315.32,22,0.44,Toys,1,0,3,Loyal,3
293,5,883391.98,176678.396,2025-02-19,2024-06-13,5,18,132,383,0.0130548302872062,33,12,319.3333333333333,31,0.3636363636363636,Beauty,3,0,3,Loyal,3
294,7,1204017.62,172002.51714285713,2024-12-25,2024-02-14,7,24,188,503,0.0139165009940357,26,8,374.96153846153845,22,0.3076923076923077,Books,2,0,3,Loyal,3
295,12,2568468.39,214039.0325,2025-06-30,2024-01-21,10,46,1,527,0.0227703984819734,32,9,283.40625,25,0.28125,Grocery,3,1,1,High Value,1
296,10,1166225.92,116622.592,2025-02-19,2024-02-27,10,25,132,490,0.0204081632653061,24,6,280.6666666666667,23,0.25,Sports,4,0,1,High Value,1
297,7,811686.29,115955.18428571428,2025-04-29,2024-01-14,7,20,63,534,0.0131086142322097,32,14,290.0625,26,0.4375,Books,3,0,2,New Customer,2
298,4,706446.26,176611.565,2025-06-27,2024-03-15,4,14,4,473,0.0084566596194503,33,12,322.90909090909093,29,0.3636363636363636,Home,2,1,3,Loyal,3
299,11,1578597.0,143508.81818181818,2025-04-13,2024-01-16,10,37,79,532,0.0206766917293233,26,7,244.57692307692307,25,0.2692307692307692,Books,4,0,1,High Value,1
300,6,582027.92,97004.65333333334,2025-04-02,2024-01-07,6,14,90,541,0.011090573012939,25,10,304.2,23,0.4,Grocery,3,0,2,New Customer,2
301,8,855110.53,106888.81625,2025-04-04,2024-03-08,8,27,88,480,0.0166666666666666,42,13,323.85714285714283,33,0.3095238095238095,Beauty,3,0,2,New Customer,2
302,10,847989.25,84798.925,2025-06-21,2024-01-19,9,31,10,529,0.0189035916824196,26,13,339.5769230769231,22,0.5,Grocery,3,1,1,High Value,1
303,9,993204.53,110356.05888888887,2025-06-27,2024-01-08,9,19,4,540,0.0166666666666666,33,12,329.3030303030303,32,0.3636363636363636,Sports,3,1,1,High Value,1
304,8,767178.42,95897.3025,2025-04-15,2024-01-31,8,21,77,517,0.0154738878143133,37,13,291.0810810810811,33,0.3513513513513513,Books,3,0,2,New Customer,2
305,6,788699.72,131449.95333333334,2025-06-30,2024-03-03,6,17,1,485,0.0123711340206185,29,7,282.0,24,0.2413793103448276,Books,2,1,3,Loyal,3
306,5,313421.73,62684.346,2024-11-07,2024-04-16,5,13,236,441,0.0113378684807256,27,8,310.0740740740741,26,0.2962962962962963,Sports,1,0,0,At Risk,0
307,4,376757.84,94189.46,2025-02-18,2024-04-21,4,12,133,436,0.0091743119266055,34,13,309.88235294117646,28,0.3823529411764705,Toys,1,0,0,At Risk,0
308,5,368023.56000000006,73604.71200000001,2025-01-14,2024-03-22,4,11,168,466,0.0107296137339055,39,11,319.79487179487177,35,0.282051282051282,Books,2,0,0,At Risk,0
309,4,384449.45,96112.3625,2025-05-03,2024-08-27,4,16,59,308,0.0129870129870129,35,8,325.9714285714286,32,0.2285714285714285,Books,3,0,2,New Customer,2
310,7,1266446.56,180920.93714285715,2025-03-29,2024-03-10,7,25,94,478,0.0146443514644351,25,10,299.36,21,0.4,Fashion,3,0,3,Loyal,3
311,8,289344.22,36168.0275,2025-03-12,2024-01-08,6,23,111,540,0.0148148148148148,31,7,323.9032258064516,26,0.2258064516129032,Fashion,4,0,2,New Customer,2
312,7,803131.62,114733.08857142855,2025-03-05,2024-01-08,6,25,118,540,0.0129629629629629,27,10,252.5185185185185,22,0.3703703703703703,Books,4,0,2,New Customer,2
313,9,1118067.14,124229.6822222222,2025-06-08,2024-02-01,9,27,23,516,0.0174418604651162,31,10,306.4193548387097,26,0.3225806451612903,Toys,3,1,1,High Value,1
314,10,1485924.9,148592.49,2025-04-26,2024-03-27,9,28,66,461,0.0216919739696312,34,6,253.35294117647055,32,0.1764705882352941,Beauty,3,0,1,High Value,1
315,5,467719.86,93543.972,2025-05-28,2024-01-09,5,14,34,539,0.0092764378478664,29,10,293.86206896551727,25,0.3448275862068966,Toys,2,0,2,New Customer,2
316,9,893269.28,99252.14222222225,2025-05-21,2024-03-19,9,22,41,469,0.0191897654584221,27,9,313.44444444444446,21,0.3333333333333333,Electronics,2,0,1,High Value,1
317,13,1681456.63,129342.81769230768,2025-05-13,2024-03-02,12,40,49,486,0.0267489711934156,31,8,291.96774193548384,30,0.2580645161290322,Books,4,0,1,High Value,1
318,8,883578.3,110447.2875,2025-05-05,2024-01-25,8,24,57,523,0.0152963671128107,27,7,297.962962962963,24,0.2592592592592592,Sports,2,0,2,New Customer,2
319,8,664141.52,83017.69,2025-04-30,2024-03-19,8,24,62,469,0.0170575692963752,18,3,303.55555555555554,18,0.1666666666666666,Toys,3,0,2,New Customer,2
320,4,375745.13,93936.2825,2025-06-15,2024-01-05,4,9,16,543,0.007366482504604,28,6,286.4642857142857,24,0.2142857142857142,Beauty,2,1,2,New Customer,2
321,5,385454.0,77090.8,2025-03-20,2024-08-13,5,13,103,322,0.015527950310559,27,7,325.0740740740741,25,0.2592592592592592,Beauty,2,0,2,New Customer,2
322,1,12639.65,12639.65,2024-12-21,2024-12-21,1,5,192,192,0.0052083333333333,34,11,296.5,29,0.3235294117647059,Books,1,0,0,At Risk,0
323,10,848794.04,84879.40400000001,2025-03-30,2024-02-15,10,20,93,502,0.0199203187250996,41,14,307.609756097561,33,0.3414634146341463,Beauty,3,0,1,High Value,1
324,8,1089053.95,136131.74375,2025-05-18,2024-01-25,8,23,44,523,0.0152963671128107,31,9,352.96774193548384,25,0.2903225806451613,Grocery,3,0,3,Loyal,3
325,9,972738.59,108082.06555555556,2025-06-25,2024-03-13,7,27,6,475,0.0189473684210526,27,11,333.22222222222223,25,0.4074074074074074,Sports,4,1,2,New Customer,2
326,5,578636.87,115727.374,2025-03-14,2024-08-09,5,12,109,326,0.0153374233128834,30,14,375.3333333333333,23,0.4666666666666667,Books,2,0,2,New Customer,2
327,8,893575.79,111696.97375,2025-05-11,2024-03-18,8,24,51,470,0.0170212765957446,28,7,319.0357142857143,25,0.25,Fashion,4,0,2,New Customer,2
328,8,1396704.85,174588.10624999998,2025-03-26,2024-02-18,7,25,97,499,0.0160320641282565,18,7,276.8888888888889,14,0.3888888888888889,Sports,3,0,3,Loyal,3
329,12,2071511.2,172625.93333333332,2025-05-24,2024-02-06,12,42,38,511,0.0234833659491193,30,10,292.2333333333333,26,0.3333333333333333,Beauty,3,0,1,High Value,1
330,6,315381.61,52563.60166666666,2025-06-30,2024-02-11,6,11,1,506,0.0118577075098814,27,6,294.2962962962963,25,0.2222222222222222,Toys,2,1,2,New Customer,2
331,11,1364017.63,124001.60272727272,2025-05-17,2024-01-08,10,34,45,540,0.0203703703703703,31,10,298.83870967741933,28,0.3225806451612903,Toys,3,0,1,High Value,1
332,8,567171.61,70896.45125,2025-06-23,2024-03-08,8,20,8,480,0.0166666666666666,35,7,259.8857142857143,29,0.2,Fashion,2,1,2,New Customer,2
333,15,2413691.21,160912.74733333333,2025-06-18,2024-01-06,13,47,13,542,0.0276752767527675,29,9,326.9655172413793,25,0.3103448275862069,Beauty,4,1,1,High Value,1
334,7,744086.97,106298.13857142856,2025-06-20,2024-03-06,7,21,11,482,0.0145228215767634,24,7,327.9583333333333,20,0.2916666666666667,Toys,2,1,2,New Customer,2
335,6,924149.51,154024.9183333333,2025-06-17,2024-01-17,6,21,14,531,0.0112994350282485,32,10,291.15625,28,0.3125,Sports,2,1,3,Loyal,3
336,12,2013055.47,167754.6225,2025-03-30,2024-01-17,12,36,93,531,0.0225988700564971,32,13,304.5625,22,0.40625,Books,3,0,1,High Value,1
337,7,695689.0,99384.14285714286,2025-02-01,2024-01-08,6,18,150,540,0.0129629629629629,24,7,362.75,20,0.2916666666666667,Fashion,2,0,2,New Customer,2
338,8,1097754.42,137219.3025,2025-05-20,2024-02-22,7,29,42,495,0.0161616161616161,27,15,259.1111111111111,26,0.5555555555555556,Beauty,5,0,3,Loyal,3
339,7,631450.46,90207.20857142856,2025-06-19,2024-02-10,7,17,12,507,0.0138067061143984,32,12,288.59375,27,0.375,Fashion,3,1,2,New Customer,2
340,9,468255.99,52028.44333333333,2025-06-17,2024-02-20,9,16,14,497,0.0181086519114688,24,7,357.9583333333333,20,0.2916666666666667,Electronics,2,1,2,New Customer,2
341,7,885564.2100000001,126509.17285714288,2025-06-29,2024-06-22,7,25,2,374,0.0187165775401069,33,13,306.54545454545456,27,0.3939393939393939,Fashion,3,1,3,Loyal,3
342,5,736256.96,147251.392,2024-12-04,2024-03-15,5,13,209,473,0.0105708245243128,37,10,320.6216216216216,32,0.2702702702702703,Sports,2,0,0,At Risk,0
343,7,800189.52,114312.78857142858,2025-02-14,2024-01-09,7,23,137,539,0.0129870129870129,28,11,303.6428571428572,25,0.3928571428571428,Toys,3,0,2,New Customer,2
344,11,1684820.87,153165.53363636366,2025-04-08,2024-01-01,11,40,84,547,0.0201096892138939,36,6,313.19444444444446,35,0.1666666666666666,Beauty,4,0,1,High Value,1
345,11,987787.68,89798.87999999999,2025-06-25,2024-01-07,11,31,6,541,0.0203327171903881,43,13,242.62790697674416,33,0.3023255813953488,Books,4,1,1,High Value,1
346,6,565865.18,94310.86333333334,2024-12-08,2024-01-02,6,15,205,546,0.0109890109890109,28,10,306.75,26,0.3571428571428571,Books,2,0,0,At Risk,0
347,3,174336.25,58112.083333333336,2025-03-31,2024-05-06,3,11,92,421,0.007125890736342,33,10,387.3636363636364,26,0.303030303030303,Beauty,1,0,2,New Customer,2
348,5,915538.42,183107.684,2025-05-30,2024-04-13,5,17,32,444,0.0112612612612612,36,14,287.05555555555554,30,0.3888888888888889,Toys,1,0,3,Loyal,3
349,5,645433.2,129086.63999999998,2025-06-01,2024-05-12,5,13,30,415,0.0120481927710843,34,9,324.47058823529414,29,0.2647058823529412,Toys,2,1,2,New Customer,2
350,8,840713.24,105089.155,2025-05-01,2024-02-13,8,22,61,504,0.0158730158730158,32,9,287.1875,29,0.28125,Beauty,2,0,2,New Customer,2
351,8,1194649.83,149331.22875,2025-05-19,2024-01-20,8,27,43,528,0.0151515151515151,28,15,270.9642857142857,26,0.5357142857142857,Beauty,3,0,3,Loyal,3
352,9,1019886.74,113320.74888888888,2025-06-25,2024-02-27,9,23,6,490,0.0183673469387755,27,11,269.55555555555554,25,0.4074074074074074,Home,2,1,1,High Value,1
353,5,832070.2,166414.03999999998,2025-06-28,2024-01-29,5,13,3,519,0.0096339113680154,25,10,243.68,20,0.4,Grocery,2,1,3,Loyal,3
354,7,868389.8999999999,124055.69999999998,2025-06-09,2024-02-14,7,22,22,503,0.0139165009940357,37,14,333.7027027027027,31,0.3783783783783784,Books,2,1,3,Loyal,3
355,9,1300984.72,144553.85777777777,2025-04-07,2024-01-22,9,28,85,526,0.0171102661596958,32,7,303.90625,31,0.21875,Electronics,3,0,1,High Value,1
356,9,1007296.24,111921.80444444444,2025-06-05,2024-01-13,9,31,26,535,0.016822429906542,27,11,288.44444444444446,24,0.4074074074074074,Sports,4,1,1,High Value,1
357,5,154450.86,30890.172,2025-04-06,2024-02-09,5,11,86,508,0.0098425196850393,28,7,321.1428571428572,24,0.25,Books,2,0,2,New Customer,2
358,13,1707780.08,131367.69846153847,2025-06-28,2024-02-07,12,38,3,510,0.0254901960784313,35,12,304.45714285714286,32,0.3428571428571428,Beauty,4,1,1,High Value,1
359,2,151308.52000000002,75654.26000000001,2024-11-16,2024-06-08,2,6,227,388,0.0051546391752577,21,9,238.33333333333331,21,0.4285714285714285,Home,1,0,0,At Risk,0
360,7,1183045.1,169006.44285714286,2025-06-03,2024-03-07,6,22,28,481,0.0145530145530145,39,18,276.3076923076923,30,0.4615384615384615,Fashion,3,1,3,Loyal,3
361,8,930569.94,116321.2425,2025-04-08,2024-02-23,8,24,84,494,0.0161943319838056,25,6,376.24,23,0.24,Sports,2,0,3,Loyal,3
362,10,1491116.79,149111.679,2025-05-30,2024-01-02,10,32,32,546,0.0183150183150183,32,13,319.03125,27,0.40625,Beauty,3,0,1,High Value,1
363,3,589447.1799999999,196482.3933333333,2025-06-01,2024-01-18,3,12,30,530,0.0056603773584905,24,6,315.7083333333333,21,0.25,Toys,1,1,3,Loyal,3
364,8,958376.26,119797.0325,2025-05-13,2024-04-06,8,26,49,451,0.0177383592017738,38,13,303.7631578947368,32,0.3421052631578947,Books,3,0,3,Loyal,3
365,6,526611.17,87768.52833333334,2025-04-03,2024-04-02,6,23,89,455,0.0131868131868131,39,15,267.6923076923077,33,0.3846153846153846,Books,4,0,2,New Customer,2
366,4,943894.03,235973.5075,2025-04-26,2024-06-29,4,16,66,367,0.0108991825613079,28,10,300.9642857142857,26,0.3571428571428571,Grocery,2,0,3,Loyal,3
367,5,745238.3400000001,149047.668,2025-04-12,2024-04-17,5,16,80,440,0.0113636363636363,22,7,295.5,19,0.3181818181818182,Fashion,2,0,3,Loyal,3
368,6,748671.34,124778.55666666666,2025-05-11,2024-02-14,6,16,51,503,0.0119284294234592,30,13,270.2333333333333,24,0.4333333333333333,Fashion,2,0,2,New Customer,2
369,6,477029.75,79504.95833333333,2025-06-07,2024-02-19,6,17,24,498,0.0120481927710843,30,11,264.43333333333334,28,0.3666666666666666,Books,2,1,2,New Customer,2
370,8,1869156.22,233644.52750000003,2025-06-16,2024-02-03,8,35,15,514,0.0155642023346303,24,6,335.875,21,0.25,Sports,2,1,3,Loyal,3
371,5,552991.96,110598.392,2025-03-20,2024-01-12,5,19,103,536,0.0093283582089552,32,13,275.0625,25,0.40625,Sports,2,0,2,New Customer,2
372,8,1105023.93,138127.99125,2025-01-21,2024-02-25,7,28,161,492,0.016260162601626,34,11,324.7058823529412,31,0.3235294117647059,Grocery,3,0,3,Loyal,3
373,3,227841.18,75947.06000000001,2025-02-17,2024-07-16,3,8,134,350,0.0085714285714285,26,8,320.53846153846155,23,0.3076923076923077,Fashion,1,0,0,At Risk,0
374,11,1169298.75,106299.88636363635,2025-05-15,2024-01-15,11,34,47,533,0.0206378986866791,27,8,339.8888888888889,24,0.2962962962962963,Beauty,3,0,1,High Value,1
375,9,568929.97,63214.44111111111,2025-06-08,2024-01-17,9,24,23,531,0.0169491525423728,29,9,338.1034482758621,24,0.3103448275862069,Home,4,1,2,New Customer,2
376,5,667938.87,133587.774,2025-04-06,2024-02-15,4,17,86,502,0.0099601593625498,21,5,302.3333333333333,21,0.238095238095238,Beauty,2,0,3,Loyal,3
377,8,1196853.64,149606.70500000002,2025-06-16,2024-04-04,8,29,15,453,0.0176600441501103,27,6,344.0,24,0.2222222222222222,Electronics,2,1,3,Loyal,3
378,2,37474.02,18737.01,2024-05-27,2024-01-01,2,5,400,547,0.0036563071297989,24,9,237.79166666666663,22,0.375,Electronics,1,0,0,At Risk,0
379,6,520501.57,86750.26166666667,2025-05-01,2024-03-28,5,16,61,460,0.0130434782608695,27,8,312.0,22,0.2962962962962963,Books,3,0,2,New Customer,2
380,3,108503.99,36167.996666666666,2025-05-10,2024-08-21,3,8,52,314,0.0095541401273885,28,13,313.17857142857144,23,0.4642857142857143,Fashion,2,0,2,New Customer,2
381,4,389824.76,97456.19,2025-05-07,2024-07-08,3,10,55,358,0.0111731843575419,32,9,270.625,28,0.28125,Grocery,2,0,2,New Customer,2
382,2,122248.67,61124.335,2025-06-20,2024-01-17,2,8,11,531,0.0037664783427495,37,10,313.86486486486484,30,0.2702702702702703,Toys,1,1,2,New Customer,2
383,6,542251.72,90375.28666666668,2025-04-26,2024-01-01,6,14,66,547,0.0109689213893967,23,8,281.8260869565217,18,0.3478260869565217,Beauty,2,0,2,New Customer,2
384,5,841202.5700000001,168240.51400000002,2025-05-09,2024-07-14,5,17,53,352,0.0142045454545454,29,13,279.2413793103448,26,0.4482758620689655,Grocery,2,0,3,Loyal,3
385,11,1510238.58,137294.41636363638,2025-06-15,2024-01-28,10,40,16,520,0.0211538461538461,27,11,312.1111111111111,23,0.4074074074074074,Fashion,5,1,1,High Value,1
386,7,526973.65,75281.95,2025-04-12,2024-02-20,6,16,80,497,0.0140845070422535,31,7,321.7741935483871,27,0.2258064516129032,Fashion,2,0,2,New Customer,2
387,8,1063014.09,132876.76125,2025-04-29,2024-02-07,8,28,63,510,0.0156862745098039,17,8,332.47058823529414,15,0.4705882352941176,Beauty,2,0,3,Loyal,3
388,13,2621808.04,201677.54153846155,2025-05-10,2024-03-20,12,47,52,468,0.0277777777777777,32,5,314.21875,27,0.15625,Beauty,3,0,1,High Value,1
389,4,651148.28,162787.07,2025-02-21,2024-02-04,4,13,130,513,0.0077972709551656,32,13,272.40625,25,0.40625,Electronics,2,0,3,Loyal,3
390,10,807142.47,80714.247,2025-05-23,2024-01-20,8,30,39,528,0.0189393939393939,32,11,253.8125,27,0.34375,Grocery,3,0,2,New Customer,2
391,10,1374658.74,137465.874,2025-04-19,2024-01-09,10,30,73,539,0.0185528756957328,27,9,287.48148148148147,22,0.3333333333333333,Beauty,2,0,1,High Value,1
392,9,1035522.75,115058.08333333331,2025-06-19,2024-04-11,9,26,12,446,0.0201793721973094,27,11,257.037037037037,24,0.4074074074074074,Grocery,3,1,1,High Value,1
393,11,1097412.99,99764.81727272728,2025-06-19,2024-03-12,11,38,12,476,0.0231092436974789,31,7,320.48387096774195,27,0.2258064516129032,Fashion,4,1,1,High Value,1
394,10,1128921.58,112892.158,2025-06-27,2024-01-27,9,30,4,521,0.019193857965451,27,6,340.7407407407408,25,0.2222222222222222,Beauty,4,1,1,High Value,1
395,6,390434.17,65072.36166666666,2025-04-10,2024-03-18,6,12,82,470,0.0127659574468085,29,9,297.2413793103448,25,0.3103448275862069,Electronics,2,0,2,New Customer,2
396,8,856043.02,107005.3775,2025-05-16,2024-05-28,7,20,46,399,0.0200501253132832,28,9,289.4642857142857,24,0.3214285714285714,Sports,3,0,2,New Customer,2
397,5,525670.17,105134.034,2025-02-20,2024-06-04,5,14,131,392,0.0127551020408163,29,8,310.1034482758621,25,0.2758620689655172,Toys,1,0,2,New Customer,2
398,6,907459.44,151243.24,2025-06-23,2024-05-10,6,16,8,417,0.014388489208633,28,10,316.4642857142857,27,0.3571428571428571,Beauty,2,1,3,Loyal,3
399,8,1048905.44,131113.18,2025-03-16,2024-03-28,8,25,107,460,0.017391304347826,33,9,305.09090909090907,27,0.2727272727272727,Grocery,2,0,3,Loyal,3
400,8,659328.67,82416.08375,2025-06-07,2024-02-16,8,24,24,501,0.0159680638722554,31,14,320.0967741935484,25,0.4516129032258064,Books,2,1,2,New Customer,2
401,12,1481017.04,123418.08666666668,2025-06-05,2024-01-16,10,42,26,532,0.0225563909774436,26,6,247.07692307692307,24,0.2307692307692307,Books,3,1,1,High Value,1
402,9,775576.79,86175.19888888889,2025-06-25,2024-01-24,8,26,6,524,0.0171755725190839,29,8,293.51724137931035,26,0.2758620689655172,Toys,3,1,2,New Customer,2
403,6,896328.38,149388.06333333332,2025-06-03,2024-03-24,6,17,28,464,0.0129310344827586,20,11,292.1,19,0.55,Grocery,1,1,3,Loyal,3
404,6,702206.98,117034.49666666666,2025-05-21,2024-01-05,6,25,41,543,0.011049723756906,18,8,248.33333333333331,16,0.4444444444444444,Sports,3,0,2,New Customer,2
405,4,318383.7,79595.925,2025-04-30,2024-03-27,4,6,62,461,0.0086767895878524,28,5,245.42857142857144,23,0.1785714285714285,Beauty,2,0,2,New Customer,2
406,5,879551.77,175910.354,2025-05-30,2024-01-27,5,16,32,521,0.0095969289827255,39,10,272.6666666666667,33,0.2564102564102564,Beauty,2,0,3,Loyal,3
407,9,1326617.51,147401.94555555555,2025-05-29,2024-01-20,9,29,33,528,0.0170454545454545,25,9,334.8,22,0.36,Books,4,0,1,High Value,1
408,7,590439.78,84348.54000000001,2025-05-31,2024-03-05,7,17,31,483,0.0144927536231884,30,6,314.7333333333333,27,0.2,Grocery,4,0,2,New Customer,2
409,8,1080221.33,135027.66625,2025-06-08,2024-05-03,8,24,23,424,0.0188679245283018,37,16,296.2972972972973,31,0.4324324324324324,Books,3,1,3,Loyal,3
410,8,1074052.81,134256.60125,2025-05-30,2024-01-03,8,25,32,545,0.0146788990825688,38,12,312.55263157894734,33,0.3157894736842105,Fashion,3,0,3,Loyal,3
411,9,1114263.42,123807.04666666666,2025-06-20,2024-01-24,9,25,11,524,0.0171755725190839,33,8,281.3030303030303,27,0.2424242424242424,Beauty,4,1,1,High Value,1
412,8,874451.5599999999,109306.445,2025-06-22,2024-05-09,8,24,9,418,0.0191387559808612,32,9,260.34375,28,0.28125,Toys,3,1,2,New Customer,2
413,13,1765937.66,135841.35846153845,2025-06-27,2024-01-30,13,38,4,518,0.025096525096525,21,12,249.14285714285717,19,0.5714285714285714,Books,4,1,1,High Value,1
414,6,510168.74,85028.12333333334,2025-06-25,2024-03-23,5,14,6,465,0.0129032258064516,26,9,308.0,23,0.3461538461538461,Fashion,3,1,2,New Customer,2
415,10,883343.35,88334.33499999999,2025-03-02,2024-01-11,10,28,121,537,0.0186219739292365,23,10,291.7826086956522,20,0.4347826086956521,Books,3,0,1,High Value,1
416,6,668008.56,111334.76,2024-09-06,2024-02-01,6,22,298,516,0.0116279069767441,29,12,357.13793103448273,22,0.4137931034482758,Books,3,0,0,At Risk,0
417,8,849781.5,106222.6875,2025-06-22,2024-06-08,8,21,9,388,0.0206185567010309,35,15,313.8,30,0.4285714285714285,Beauty,4,1,2,New Customer,2
418,4,475555.02,118888.755,2025-06-19,2024-08-14,4,13,12,321,0.0124610591900311,29,15,280.0689655172414,28,0.5172413793103449,Toys,2,1,2,New Customer,2
419,7,950789.71,135827.10142857142,2025-03-04,2024-01-27,7,19,119,521,0.0134357005758157,31,9,355.258064516129,28,0.2903225806451613,Beauty,2,0,3,Loyal,3
420,10,1362281.08,136228.108,2025-03-08,2024-02-15,10,27,115,502,0.0199203187250996,24,10,322.2083333333333,22,0.4166666666666667,Sports,3,0,1,High Value,1
421,14,1051855.88,75132.56285714285,2025-06-30,2024-03-24,14,43,1,464,0.0301724137931034,24,14,268.875,20,0.5833333333333334,Books,4,1,1,High Value,1
422,7,752867.72,107552.53142857144,2025-05-31,2024-01-04,7,17,31,544,0.0128676470588235,32,13,290.78125,28,0.40625,Books,4,0,2,New Customer,2
423,8,1023206.95,127900.86875,2025-06-17,2024-02-11,8,24,14,506,0.0158102766798418,35,14,299.2857142857143,29,0.4,Sports,3,1,3,Loyal,3
424,6,529295.6,88215.93333333333,2025-03-21,2024-07-05,6,17,102,361,0.0166204986149584,31,12,271.2258064516129,26,0.3870967741935484,Toys,2,0,2,New Customer,2
425,5,759245.34,151849.068,2024-10-10,2024-01-16,5,14,264,532,0.0093984962406015,24,6,322.6666666666667,23,0.25,Electronics,2,0,0,At Risk,0
426,13,1846445.96,142034.3046153846,2025-05-08,2024-04-12,12,40,54,445,0.0292134831460674,32,14,271.125,27,0.4375,Sports,3,0,1,High Value,1
427,8,1342287.19,167785.89875,2025-06-27,2024-04-15,8,30,4,442,0.0180995475113122,25,9,338.72,22,0.36,Fashion,3,1,3,Loyal,3
428,9,1157746.05,128638.45,2025-04-22,2024-07-05,9,28,70,361,0.0249307479224376,27,5,315.9259259259259,22,0.1851851851851851,Beauty,2,0,1,High Value,1
429,2,206682.14,103341.07,2024-05-26,2024-03-11,2,5,401,477,0.0041928721174004,22,5,412.09090909090907,21,0.2272727272727272,Sports,1,0,0,At Risk,0
430,9,990613.36,110068.1511111111,2025-05-05,2024-04-22,9,23,57,435,0.0206896551724137,30,7,279.03333333333336,25,0.2333333333333333,Books,2,0,1,High Value,1
431,7,1138780.25,162682.89285714287,2025-05-02,2024-02-25,7,22,60,492,0.0142276422764227,34,10,302.02941176470586,28,0.2941176470588235,Books,2,0,3,Loyal,3
432,6,725014.3,120835.71666666667,2025-04-30,2024-01-15,6,16,62,533,0.0112570356472795,38,15,271.2894736842105,31,0.3947368421052631,Sports,2,0,2,New Customer,2
433,6,702407.44,117067.90666666666,2025-06-17,2024-02-14,5,18,14,503,0.0119284294234592,29,8,286.0689655172414,26,0.2758620689655172,Electronics,2,1,2,New Customer,2
434,9,1042868.22,115874.24666666666,2025-06-08,2024-01-21,9,33,23,527,0.01707779886148,39,11,331.46153846153845,29,0.282051282051282,Sports,3,1,1,High Value,1
435,7,739860.41,105694.3442857143,2025-04-28,2024-02-05,7,20,64,512,0.013671875,27,9,294.7037037037037,25,0.3333333333333333,Books,3,0,2,New Customer,2
436,9,959436.8,106604.08888888887,2025-04-17,2024-03-29,9,31,75,459,0.0196078431372549,23,6,364.5652173913044,21,0.2608695652173913,Fashion,3,0,1,High Value,1
437,6,731734.5,121955.75,2025-03-29,2024-01-28,6,22,94,520,0.0115384615384615,28,8,263.7142857142857,24,0.2857142857142857,Electronics,2,0,2,New Customer,2
438,6,1287080.99,214513.4983333333,2025-01-21,2024-02-23,6,28,161,494,0.0121457489878542,28,5,341.0357142857143,25,0.1785714285714285,Grocery,2,0,3,Loyal,3
439,11,1120847.18,101895.19818181818,2025-06-28,2024-01-18,11,25,3,530,0.020754716981132,29,5,319.7586206896552,26,0.1724137931034483,Fashion,4,1,1,High Value,1
440,11,1068815.55,97165.05,2025-06-03,2024-02-07,11,26,28,510,0.0215686274509803,36,8,298.25,30,0.2222222222222222,Fashion,3,1,1,High Value,1
441,6,356603.25,59433.875,2025-06-20,2024-05-31,6,13,11,396,0.0151515151515151,30,10,320.0,25,0.3333333333333333,Toys,1,1,2,New Customer,2
442,10,1660082.08,166008.208,2025-06-02,2024-01-19,10,32,29,529,0.0189035916824196,30,13,313.1,23,0.4333333333333333,Sports,3,1,1,High Value,1
443,4,684634.8400000001,171158.71000000002,2025-06-24,2024-02-25,4,15,7,492,0.008130081300813,32,9,348.90625,28,0.28125,Beauty,2,1,3,Loyal,3
444,4,345114.22,86278.555,2025-01-29,2024-05-20,4,18,153,407,0.0098280098280098,33,10,328.42424242424244,26,0.303030303030303,Books,1,0,0,At Risk,0
445,6,242339.54,40389.92333333333,2025-06-11,2024-05-10,6,16,20,417,0.014388489208633,22,6,308.22727272727275,21,0.2727272727272727,Books,1,1,2,New Customer,2
446,2,114602.6,57301.3,2024-09-23,2024-01-13,2,6,281,535,0.0037383177570093,19,6,306.2631578947368,18,0.3157894736842105,Books,1,0,0,At Risk,0
447,4,278447.89,69611.9725,2024-11-16,2024-03-28,4,10,227,460,0.008695652173913,28,11,369.3928571428572,26,0.3928571428571428,Home,2,0,0,At Risk,0
448,3,374503.91,124834.63666666669,2024-12-06,2024-01-29,3,10,207,519,0.0057803468208092,41,13,273.3658536585366,32,0.3170731707317073,Beauty,2,0,0,At Risk,0
449,7,729224.67,104174.95285714288,2025-05-04,2024-01-31,7,19,58,517,0.0135396518375241,21,4,346.4761904761905,20,0.1904761904761904,Grocery,3,0,2,New Customer,2
450,11,1681400.68,152854.60727272727,2025-06-14,2024-05-28,11,34,17,399,0.0275689223057644,29,9,357.41379310344826,25,0.3103448275862069,Beauty,2,1,1,High Value,1
451,9,1106012.29,122890.25444444444,2025-05-15,2024-03-06,9,27,47,482,0.0186721991701244,23,10,283.8695652173913,20,0.4347826086956521,Fashion,4,0,1,High Value,1
452,8,695630.38,86953.7975,2025-05-18,2024-04-03,6,22,44,454,0.0176211453744493,40,16,251.575,30,0.4,Beauty,3,0,2,New Customer,2
453,6,1032598.42,172099.73666666666,2025-04-06,2024-02-21,5,18,86,496,0.0120967741935483,35,15,286.8857142857143,29,0.4285714285714285,Sports,3,0,3,Loyal,3
454,12,1334446.15,111203.84583333333,2025-06-12,2024-02-23,12,36,19,494,0.0242914979757085,39,10,306.43589743589746,32,0.2564102564102564,Books,4,1,1,High Value,1
455,3,392846.53,130948.84333333334,2025-06-15,2024-05-11,3,9,16,416,0.0072115384615384,22,8,265.8636363636364,21,0.3636363636363636,Fashion,1,1,2,New Customer,2
456,12,1322248.64,110187.38666666669,2025-04-29,2024-02-17,11,34,63,500,0.024,44,11,289.22727272727275,34,0.25,Books,2,0,1,High Value,1
457,12,1541794.87,128482.90583333334,2025-04-29,2024-02-19,12,37,63,498,0.0240963855421686,31,10,343.1935483870968,30,0.3225806451612903,Beauty,3,0,1,High Value,1
458,8,1085011.64,135626.455,2025-04-16,2024-04-26,8,25,76,431,0.0185614849187935,32,8,310.59375,31,0.25,Fashion,3,0,3,Loyal,3
459,6,574590.61,95765.10166666668,2025-06-05,2024-06-07,6,13,26,389,0.0154241645244215,24,9,278.0416666666667,22,0.375,Books,3,1,2,New Customer,2
460,8,1484215.57,185526.94625,2025-04-27,2024-01-09,8,28,65,539,0.0148423005565862,29,13,266.6896551724138,26,0.4482758620689655,Electronics,2,0,3,Loyal,3
461,11,1767590.11,160690.00999999998,2025-04-19,2024-01-16,11,35,73,532,0.0206766917293233,23,9,314.1304347826087,20,0.391304347826087,Electronics,2,0,1,High Value,1
462,5,531929.97,106385.994,2025-06-14,2024-04-03,4,14,17,454,0.0110132158590308,30,11,296.2,24,0.3666666666666666,Beauty,2,1,2,New Customer,2
463,8,1193748.52,149218.565,2025-06-16,2024-03-24,7,27,15,464,0.0172413793103448,31,14,335.51612903225805,26,0.4516129032258064,Electronics,5,1,3,Loyal,3
464,4,433567.44,108391.86,2025-02-27,2024-10-01,4,10,124,273,0.0146520146520146,21,12,291.0,18,0.5714285714285714,Books,3,0,0,At Risk,0
465,5,486055.17,97211.034,2025-06-21,2024-03-23,5,11,10,465,0.010752688172043,20,3,261.8,18,0.15,Fashion,2,1,2,New Customer,2
466,11,683171.44,62106.49454545454,2024-10-26,2024-01-05,9,28,248,543,0.0202578268876611,24,13,323.0416666666667,21,0.5416666666666666,Home,3,0,2,New Customer,2
467,9,718337.95,79815.32777777777,2025-03-14,2024-04-09,9,21,109,448,0.0200892857142857,30,11,301.3,27,0.3666666666666666,Beauty,2,0,2,New Customer,2
468,11,1206432.21,109675.65545454546,2025-06-25,2024-03-27,11,26,6,461,0.0238611713665943,28,12,303.3928571428572,22,0.4285714285714285,Fashion,3,1,1,High Value,1
469,6,804112.03,134018.67166666666,2025-06-19,2024-07-07,6,20,12,359,0.0167130919220055,31,12,319.61290322580646,28,0.3870967741935484,Books,1,1,3,Loyal,3
470,4,195264.37,48816.0925,2024-05-19,2024-01-02,4,11,408,546,0.0073260073260073,30,12,331.53333333333336,25,0.4,Toys,1,0,0,At Risk,0
471,5,716038.62,143207.724,2025-06-17,2024-01-30,5,18,14,518,0.0096525096525096,24,7,277.4166666666667,19,0.2916666666666667,Grocery,1,1,3,Loyal,3
472,6,502657.43,83776.23833333333,2025-06-30,2024-01-17,6,16,1,531,0.0112994350282485,34,9,340.2647058823529,30,0.2647058823529412,Beauty,2,1,2,New Customer,2
473,6,610400.4299999999,101733.40499999998,2025-03-17,2024-01-24,6,16,106,524,0.0114503816793893,30,14,272.5,28,0.4666666666666667,Beauty,2,0,2,New Customer,2
474,8,738957.12,92369.64,2025-02-04,2024-04-01,8,20,147,456,0.0175438596491228,25,9,257.12,23,0.36,Books,3,0,2,New Customer,2
475,6,809579.1499999999,134929.8583333333,2025-02-18,2024-05-27,6,15,133,400,0.015,31,8,301.96774193548384,24,0.2580645161290322,Beauty,2,0,3,Loyal,3
476,14,1618712.28,115622.30571428571,2025-06-20,2024-03-18,13,41,11,470,0.0297872340425531,30,12,347.96666666666664,23,0.4,Fashion,3,1,1,High Value,1
477,3,362900.12,120966.70666666668,2025-06-17,2024-02-28,3,6,14,489,0.0061349693251533,34,9,304.0882352941176,28,0.2647058823529412,Home,2,1,2,New Customer,2
478,8,1121270.38,140158.79750000002,2025-04-16,2024-01-03,7,34,76,545,0.0146788990825688,27,11,270.6666666666667,24,0.4074074074074074,Fashion,3,0,3,Loyal,3
479,8,654647.38,81830.9225,2025-01-24,2024-01-29,7,24,158,519,0.0154142581888246,21,10,330.1428571428572,20,0.4761904761904761,Fashion,5,0,2,New Customer,2
480,7,1026685.26,146669.32285714286,2025-04-15,2024-02-15,6,23,77,502,0.0139442231075697,35,9,307.9142857142857,26,0.2571428571428571,Fashion,2,0,3,Loyal,3
481,11,1180269.09,107297.19,2025-05-22,2024-05-15,11,33,40,412,0.0266990291262135,28,9,250.39285714285717,26,0.3214285714285714,Books,2,0,1,High Value,1
482,6,682509.13,113751.52166666668,2025-02-20,2024-03-15,5,21,131,473,0.0126849894291754,37,13,302.6216216216216,31,0.3513513513513513,Fashion,2,0,2,New Customer,2
483,4,173708.09,43427.0225,2025-04-24,2024-03-05,4,9,68,483,0.0082815734989648,34,7,289.3235294117647,30,0.2058823529411764,Fashion,2,0,2,New Customer,2
484,7,666717.84,95245.4057142857,2025-04-25,2024-02-06,7,21,67,511,0.0136986301369863,29,8,296.7931034482759,25,0.2758620689655172,Books,4,0,2,New Customer,2
485,4,638404.4099999999,159601.10249999998,2025-03-21,2024-02-28,4,14,102,489,0.0081799591002045,25,6,319.68,23,0.24,Books,2,0,3,Loyal,3
486,9,1221073.3,135674.8111111111,2025-05-26,2024-02-24,8,23,36,493,0.0182555780933062,26,5,341.7692307692308,22,0.1923076923076923,Fashion,3,0,1,High Value,1
487,5,564481.38,112896.276,2025-05-09,2024-01-13,5,16,53,535,0.0093457943925233,30,10,309.3666666666667,27,0.3333333333333333,Toys,2,0,2,New Customer,2
488,11,1109420.92,100856.44727272728,2025-06-16,2024-01-19,10,33,15,529,0.0207939508506616,39,12,258.12820512820514,34,0.3076923076923077,Grocery,4,1,1,High Value,1
489,6,498802.82,83133.80333333333,2025-06-10,2024-01-21,6,18,21,527,0.0113851992409867,33,12,326.6666666666667,28,0.3636363636363636,Sports,3,1,2,New Customer,2
490,7,469389.2,67055.6,2025-03-08,2024-01-15,7,19,115,533,0.0131332082551594,31,11,315.64516129032256,26,0.3548387096774194,Toys,3,0,2,New Customer,2
491,9,682237.63,75804.18111111112,2025-04-08,2024-01-18,9,21,84,530,0.0169811320754716,38,15,259.1842105263158,34,0.3947368421052631,Electronics,3,0,2,New Customer,2
492,7,1282485.59,183212.22714285715,2025-02-01,2024-01-25,7,21,150,523,0.0133843212237093,17,5,251.05882352941177,14,0.2941176470588235,Books,2,0,3,Loyal,3
493,6,819255.53,136542.58833333335,2025-02-23,2024-03-03,6,25,128,485,0.0123711340206185,31,8,283.6774193548387,27,0.2580645161290322,Electronics,3,0,3,Loyal,3
494,12,1533555.73,127796.31083333334,2025-05-29,2024-02-14,12,37,33,503,0.0238568588469184,28,10,264.4642857142857,26,0.3571428571428571,Sports,3,0,1,High Value,1
495,9,1854275.11,206030.56777777776,2025-06-24,2024-02-19,8,31,7,498,0.0180722891566265,16,1,306.8125,15,0.0625,Beauty,5,1,1,High Value,1
496,13,1824755.72,140365.82461538463,2025-04-27,2024-04-08,12,34,65,449,0.0289532293986636,37,13,346.7837837837838,33,0.3513513513513513,Beauty,4,0,1,High Value,1
497,3,516072.75,172024.25,2025-03-21,2024-02-13,3,10,102,504,0.0059523809523809,37,14,351.0810810810811,32,0.3783783783783784,Beauty,2,0,3,Loyal,3
498,7,978741.8,139820.25714285715,2025-04-09,2024-04-10,7,23,83,447,0.0156599552572706,34,12,308.0,29,0.3529411764705882,Books,4,0,3,Loyal,3
499,11,1755017.48,159547.04363636364,2025-05-23,2024-01-10,10,32,39,538,0.020446096654275,25,8,244.0,22,0.32,Books,2,0,1,High Value,1
500,13,1615303.48,124254.11384615384,2025-05-13,2024-01-03,11,40,49,545,0.0238532110091743,29,13,289.55172413793105,26,0.4482758620689655,Sports,4,0,1,High Value,1
501,5,824275.28,164855.056,2025-06-20,2024-02-03,5,17,11,514,0.0097276264591439,30,8,272.3333333333333,26,0.2666666666666666,Fashion,2,1,3,Loyal,3
502,10,1630282.9,163028.28999999998,2025-06-22,2024-02-19,10,34,9,498,0.0200803212851405,24,6,325.375,20,0.25,Sports,2,1,1,High Value,1
503,7,920121.45,131445.92142857143,2025-06-11,2024-04-10,6,24,20,447,0.0156599552572706,29,13,341.6551724137931,25,0.4482758620689655,Toys,2,1,3,Loyal,3
504,6,656146.8400000001,109357.80666666669,2024-11-12,2024-02-17,6,13,231,500,0.012,28,10,317.85714285714283,22,0.3571428571428571,Beauty,3,0,0,At Risk,0
505,10,2108616.31,210861.631,2025-05-10,2024-01-02,10,38,52,546,0.0183150183150183,32,5,318.6875,27,0.15625,Beauty,3,0,1,High Value,1
506,8,1252134.98,156516.8725,2025-03-28,2024-04-29,8,27,95,428,0.0186915887850467,29,8,320.48275862068965,27,0.2758620689655172,Fashion,3,0,3,Loyal,3
507,5,560692.57,112138.514,2025-05-23,2024-02-25,5,15,39,492,0.0101626016260162,27,13,295.48148148148147,22,0.4814814814814814,Home,1,0,2,New Customer,2
508,7,1020983.3,145854.75714285712,2025-05-27,2024-05-11,7,20,35,416,0.016826923076923,33,9,305.8181818181818,27,0.2727272727272727,Beauty,4,0,3,Loyal,3
509,9,1087341.44,120815.71555555557,2025-06-16,2024-01-08,8,24,15,540,0.0166666666666666,35,15,319.9428571428571,30,0.4285714285714285,Sports,2,1,1,High Value,1
510,5,1044261.33,208852.266,2025-01-18,2024-03-18,5,17,164,470,0.0106382978723404,37,17,316.86486486486484,32,0.4594594594594595,Beauty,2,0,3,Loyal,3
511,4,370154.47,92538.6175,2025-02-09,2024-05-31,4,10,142,396,0.0101010101010101,34,14,315.5882352941176,30,0.4117647058823529,Grocery,2,0,0,At Risk,0
512,9,753954.97,83772.77444444444,2025-06-14,2024-03-17,9,20,17,471,0.019108280254777,21,6,274.3333333333333,20,0.2857142857142857,Fashion,2,1,2,New Customer,2
513,12,1675183.46,139598.62166666667,2025-06-25,2024-01-26,12,40,6,522,0.0229885057471264,28,9,347.5,22,0.3214285714285714,Sports,3,1,1,High Value,1
514,7,360814.84,51544.97714285715,2024-12-22,2024-04-19,7,19,191,438,0.0159817351598173,23,6,302.2608695652174,20,0.2608695652173913,Sports,2,0,2,New Customer,2
515,4,605582.37,151395.5925,2024-12-13,2024-01-17,3,14,200,531,0.007532956685499,35,12,324.65714285714284,30,0.3428571428571428,Sports,2,0,0,At Risk,0
516,6,682676.8300000001,113779.47166666668,2025-05-31,2024-03-28,6,15,31,460,0.0130434782608695,36,10,261.8611111111111,31,0.2777777777777778,Electronics,2,0,2,New Customer,2
517,5,807067.88,161413.576,2024-11-05,2024-01-29,5,12,238,519,0.0096339113680154,30,7,294.6333333333333,22,0.2333333333333333,Sports,3,0,0,At Risk,0
518,4,748858.98,187214.745,2025-02-12,2024-05-08,4,14,139,419,0.0095465393794749,25,10,332.16,25,0.4,Beauty,2,0,3,Loyal,3
519,4,766416.96,191604.24,2025-06-21,2024-01-01,4,17,10,547,0.0073126142595978,29,12,315.0689655172414,21,0.4137931034482758,Grocery,1,1,3,Loyal,3
520,9,1052610.64,116956.73777777776,2025-06-25,2024-03-07,9,26,6,481,0.0187110187110187,34,10,245.7941176470588,31,0.2941176470588235,Books,3,1,1,High Value,1
521,7,1219166.44,174166.63428571427,2025-05-08,2024-06-11,7,29,54,385,0.0181818181818181,24,3,242.75,19,0.125,Beauty,2,0,3,Loyal,3
522,10,1142276.24,114227.624,2025-05-06,2024-03-27,10,23,56,461,0.0216919739696312,30,16,341.2,25,0.5333333333333333,Sports,4,0,1,High Value,1
523,7,785915.45,112273.6357142857,2025-04-10,2024-02-16,7,19,82,501,0.0139720558882235,35,13,344.54285714285714,29,0.3714285714285714,Electronics,2,0,2,New Customer,2
524,10,1353846.31,135384.631,2025-05-15,2024-03-06,9,29,47,482,0.0207468879668049,31,12,333.96774193548384,28,0.3870967741935484,Home,2,0,1,High Value,1
525,7,1061788.84,151684.11999999997,2025-03-30,2024-05-18,7,21,93,409,0.0171149144254278,26,16,267.8076923076923,24,0.6153846153846154,Beauty,2,0,3,Loyal,3
526,13,1744955.62,134227.3553846154,2025-05-08,2024-01-28,13,41,54,520,0.025,30,10,251.46666666666667,25,0.3333333333333333,Electronics,3,0,1,High Value,1
527,10,846068.98,84606.898,2025-06-16,2024-02-05,10,30,15,512,0.01953125,34,14,325.61764705882354,26,0.4117647058823529,Home,2,1,1,High Value,1
528,16,2178670.47,136166.904375,2025-05-21,2024-01-21,15,47,41,527,0.0303605313092979,31,12,303.5483870967742,30,0.3870967741935484,Grocery,4,0,1,High Value,1
529,6,1216034.29,202672.38166666668,2024-11-30,2024-06-26,5,21,213,370,0.0162162162162162,36,10,287.69444444444446,30,0.2777777777777778,Grocery,2,0,3,Loyal,3
530,5,308564.26,61712.852,2024-12-30,2024-02-26,5,16,183,491,0.010183299389002,37,13,280.6216216216216,31,0.3513513513513513,Books,2,0,0,At Risk,0
531,5,485869.0,97173.8,2025-02-25,2024-10-04,5,13,126,270,0.0185185185185185,28,9,311.32142857142856,26,0.3214285714285714,Beauty,2,0,2,New Customer,2
532,7,923329.65,131904.23571428572,2024-11-17,2024-02-24,7,24,226,493,0.0141987829614604,42,15,307.3809523809524,36,0.3571428571428571,Fashion,2,0,0,At Risk,0
533,8,896599.25,112074.90625,2025-06-23,2024-02-19,7,24,8,498,0.0160642570281124,23,7,320.8260869565217,21,0.3043478260869565,Electronics,3,1,2,New Customer,2
534,9,869885.3,96653.92222222225,2025-05-28,2024-01-10,9,19,34,538,0.0167286245353159,32,8,267.75,27,0.25,Home,2,0,2,New Customer,2
535,3,323645.25,107881.75,2025-03-01,2024-02-05,3,9,122,512,0.005859375,35,14,332.0571428571429,31,0.4,Sports,1,0,0,At Risk,0
536,8,459333.69,57416.71125,2025-06-09,2024-02-24,7,21,22,493,0.0162271805273833,27,9,257.2962962962963,24,0.3333333333333333,Fashion,3,1,2,New Customer,2
537,6,438458.83,73076.47166666666,2025-06-19,2024-04-16,6,27,12,441,0.0136054421768707,30,7,320.3,25,0.2333333333333333,Fashion,3,1,2,New Customer,2
538,5,311276.71,62255.34199999999,2025-06-28,2024-04-29,5,18,3,428,0.0116822429906542,29,9,304.1034482758621,26,0.3103448275862069,Fashion,2,1,2,New Customer,2
539,7,867984.19,123997.74142857142,2025-04-14,2024-01-01,7,22,78,547,0.0127970749542961,29,10,282.4482758620689,23,0.3448275862068966,Electronics,2,0,3,Loyal,3
540,7,443686.22,63383.74571428571,2025-02-22,2024-04-02,7,20,129,455,0.0153846153846153,24,7,288.7916666666667,21,0.2916666666666667,Fashion,2,0,2,New Customer,2
541,5,582719.25,116543.85,2025-03-14,2024-04-12,5,15,109,445,0.0112359550561797,31,13,272.5483870967742,28,0.4193548387096774,Toys,1,0,2,New Customer,2
542,7,318256.22,45465.17428571428,2025-05-17,2024-08-19,6,12,45,316,0.0221518987341772,38,14,288.7631578947368,35,0.3684210526315789,Home,3,0,2,New Customer,2
543,4,238823.28,59705.82,2025-06-07,2024-04-29,4,9,24,428,0.0093457943925233,29,8,286.0,25,0.2758620689655172,Fashion,2,1,2,New Customer,2
544,3,379408.29,126469.43,2024-11-12,2024-03-31,3,8,231,457,0.0065645514223194,46,18,249.17391304347825,37,0.391304347826087,Sports,1,0,0,At Risk,0
545,8,1314649.34,164331.1675,2025-05-13,2024-05-02,8,21,49,425,0.0188235294117647,31,8,316.6774193548387,27,0.2580645161290322,Sports,2,0,3,Loyal,3
546,5,508764.03,101752.806,2025-05-07,2024-06-02,5,15,55,394,0.0126903553299492,23,13,273.95652173913044,21,0.5652173913043478,Toys,1,0,2,New Customer,2
547,3,380451.28,126817.09333333334,2025-02-25,2024-04-05,3,10,126,452,0.0066371681415929,25,8,258.28,22,0.32,Fashion,2,0,0,At Risk,0
548,7,1354143.14,193449.02,2025-05-15,2024-02-28,7,25,47,489,0.0143149284253578,41,18,292.8780487804878,32,0.4390243902439024,Beauty,3,0,3,Loyal,3
549,8,1310144.36,163768.045,2025-05-26,2024-08-09,8,25,36,326,0.0245398773006134,35,13,353.3428571428572,26,0.3714285714285714,Books,3,0,3,Loyal,3
550,11,1512683.67,137516.69727272727,2025-05-31,2024-02-16,11,29,31,501,0.0219560878243512,35,11,248.74285714285716,31,0.3142857142857143,Beauty,3,0,1,High Value,1
551,6,940766.05,156794.34166666667,2025-05-30,2024-01-11,6,21,32,537,0.0111731843575419,27,10,303.8888888888889,27,0.3703703703703703,Sports,3,0,3,Loyal,3
552,7,1124458.1,160636.87142857144,2025-02-16,2024-01-10,6,21,135,538,0.0130111524163568,25,9,323.36,22,0.36,Fashion,3,0,3,Loyal,3
553,5,697754.94,139550.98799999998,2025-03-02,2024-04-23,5,14,121,434,0.0115207373271889,26,7,277.03846153846155,21,0.2692307692307692,Sports,1,0,3,Loyal,3
554,4,199218.73,49804.6825,2025-06-29,2024-03-03,4,9,2,485,0.0082474226804123,27,8,306.962962962963,25,0.2962962962962963,Books,2,1,2,New Customer,2
555,6,105964.43,17660.73833333333,2025-04-16,2024-02-18,5,9,76,499,0.0120240480961923,33,9,318.4848484848485,29,0.2727272727272727,Toys,3,0,2,New Customer,2
556,15,1354997.4,90333.16,2025-06-02,2024-01-06,15,42,29,542,0.0276752767527675,30,8,325.9,26,0.2666666666666666,Books,4,1,1,High Value,1
557,8,1157066.61,144633.32624999998,2025-05-30,2024-02-28,8,34,32,489,0.016359918200409,33,10,375.1818181818182,29,0.303030303030303,Grocery,2,0,3,Loyal,3
558,11,1726674.11,156970.37363636363,2025-04-29,2024-02-05,11,42,63,512,0.021484375,32,12,269.4375,27,0.375,Books,3,0,1,High Value,1
559,5,726536.98,145307.396,2025-04-15,2024-05-31,5,13,77,396,0.0126262626262626,32,15,276.125,28,0.46875,Grocery,2,0,3,Loyal,3
560,9,738632.85,82070.31666666667,2025-05-26,2024-03-07,9,30,36,481,0.0187110187110187,34,13,309.79411764705884,28,0.3823529411764705,Books,3,0,2,New Customer,2
561,11,2018408.61,183491.6918181818,2025-06-01,2024-01-16,8,40,30,532,0.0206766917293233,24,7,313.0833333333333,23,0.2916666666666667,Sports,3,1,1,High Value,1
562,7,873443.25,124777.60714285714,2025-06-30,2024-02-06,6,20,1,511,0.0136986301369863,32,7,306.40625,26,0.21875,Toys,3,1,3,Loyal,3
563,5,804846.02,160969.204,2025-03-16,2024-05-11,5,18,107,416,0.0120192307692307,22,6,273.5,22,0.2727272727272727,Toys,3,0,3,Loyal,3
564,3,745448.55,248482.85,2025-02-26,2024-05-25,3,15,125,402,0.0074626865671641,32,13,306.09375,29,0.40625,Toys,1,0,3,Loyal,3
565,8,746356.44,93294.555,2025-06-22,2024-01-28,7,25,9,520,0.0153846153846153,32,8,336.0625,24,0.25,Books,3,1,2,New Customer,2
566,12,1380619.4,115051.61666666664,2025-04-04,2024-03-14,11,34,88,474,0.0253164556962025,30,5,266.6,27,0.1666666666666666,Grocery,3,0,1,High Value,1
567,3,514247.13,171415.71,2024-07-20,2024-03-05,3,8,346,483,0.0062111801242236,37,13,312.7567567567568,32,0.3513513513513513,Fashion,1,0,0,At Risk,0
568,9,1309262.5,145473.61111111112,2025-05-10,2024-02-19,9,31,52,498,0.0180722891566265,34,11,306.2058823529412,28,0.3235294117647059,Beauty,4,0,1,High Value,1
569,4,397199.5500000001,99299.8875,2025-01-13,2024-01-15,3,9,169,533,0.0075046904315197,38,7,315.63157894736844,29,0.1842105263157894,Grocery,2,0,0,At Risk,0
570,8,817665.6,102208.2,2024-12-20,2024-01-14,8,19,193,534,0.0149812734082397,31,10,291.35483870967744,26,0.3225806451612903,Electronics,2,0,2,New Customer,2
571,11,2281374.58,207397.6890909091,2025-06-30,2024-01-18,11,45,1,530,0.020754716981132,19,8,304.5263157894737,15,0.4210526315789473,Electronics,2,1,1,High Value,1
572,7,621395.66,88770.80857142857,2025-05-25,2024-07-01,7,17,37,365,0.0191780821917808,30,10,300.6,30,0.3333333333333333,Grocery,2,0,2,New Customer,2
573,8,1087988.06,135998.5075,2024-12-22,2024-06-03,8,21,191,393,0.0203562340966921,26,12,297.1923076923077,21,0.4615384615384615,Fashion,4,0,3,Loyal,3
574,7,745955.72,106565.10285714285,2025-06-04,2024-04-13,6,13,27,444,0.0157657657657657,35,10,305.77142857142854,26,0.2857142857142857,Fashion,3,1,2,New Customer,2
575,8,1485321.22,185665.1525,2025-06-01,2024-04-23,8,30,30,434,0.0184331797235023,33,9,361.5757575757576,26,0.2727272727272727,Beauty,2,1,3,Loyal,3
576,8,1470680.06,183835.0075,2024-09-15,2024-01-19,8,30,289,529,0.0151228733459357,30,4,315.7,25,0.1333333333333333,Books,3,0,3,Loyal,3
577,10,1230828.9,123082.88999999998,2025-01-09,2024-01-05,9,34,173,543,0.0184162062615101,29,6,234.20689655172413,26,0.2068965517241379,Books,3,0,1,High Value,1
578,8,962638.48,120329.81,2025-06-19,2024-01-03,7,21,12,545,0.0146788990825688,38,13,344.0,32,0.3421052631578947,Electronics,2,1,3,Loyal,3
579,8,506094.82,63261.8525,2025-06-18,2024-01-03,8,13,13,545,0.0146788990825688,28,9,310.60714285714283,26,0.3214285714285714,Electronics,2,1,2,New Customer,2
580,7,990794.09,141542.01285714286,2025-05-05,2024-01-28,7,21,57,520,0.0134615384615384,26,10,349.4230769230769,24,0.3846153846153846,Fashion,3,0,3,Loyal,3
581,7,700084.49,100012.07,2025-01-14,2024-01-09,7,13,168,539,0.0129870129870129,43,11,306.3953488372093,34,0.2558139534883721,Sports,3,0,2,New Customer,2
582,7,900429.1,128632.72857142855,2025-02-23,2024-01-27,5,23,128,521,0.0134357005758157,35,10,362.4285714285714,31,0.2857142857142857,Books,3,0,3,Loyal,3
583,5,603880.5700000001,120776.11400000002,2025-04-26,2024-08-29,4,15,66,306,0.0163398692810457,27,15,297.5925925925926,24,0.5555555555555556,Beauty,2,0,2,New Customer,2
584,8,1327977.51,165997.18875,2025-04-13,2024-02-28,7,29,79,489,0.016359918200409,27,9,229.85185185185185,25,0.3333333333333333,Beauty,3,0,3,Loyal,3
585,8,353386.32,44173.29,2025-06-09,2024-02-12,8,22,22,505,0.0158415841584158,29,12,300.3793103448276,23,0.4137931034482758,Fashion,4,1,2,New Customer,2
586,14,1949767.85,139269.13214285715,2025-06-30,2024-02-20,14,42,1,497,0.028169014084507,23,11,259.95652173913044,22,0.4782608695652174,Books,5,1,1,High Value,1
587,7,812886.15,116126.59285714288,2025-05-24,2024-01-03,7,20,38,545,0.0128440366972477,27,12,320.9259259259259,21,0.4444444444444444,Toys,3,0,2,New Customer,2
588,14,1817926.88,129851.92,2025-06-13,2024-01-15,14,42,18,533,0.0262664165103189,32,11,257.875,27,0.34375,Sports,4,1,1,High Value,1
589,4,324121.51,81030.3775,2025-05-27,2024-02-06,4,10,35,511,0.0078277886497064,29,13,325.82758620689657,24,0.4482758620689655,Books,2,0,2,New Customer,2
590,12,1840573.31,153381.10916666666,2025-05-25,2024-01-10,12,45,37,538,0.0223048327137546,26,6,317.84615384615387,22,0.2307692307692307,Fashion,5,0,1,High Value,1
591,8,1232832.98,154104.1225,2025-03-05,2024-05-24,8,29,118,403,0.0198511166253101,26,7,320.34615384615387,22,0.2692307692307692,Books,3,0,3,Loyal,3
592,7,555307.7,79329.67142857143,2025-06-21,2024-04-13,7,22,10,444,0.0157657657657657,21,5,268.3333333333333,18,0.238095238095238,Fashion,2,1,2,New Customer,2
593,12,1646591.08,137215.92333333334,2025-05-30,2024-02-12,11,36,32,505,0.0237623762376237,34,15,280.8235294117647,28,0.4411764705882353,Fashion,4,0,1,High Value,1
594,8,1083617.88,135452.235,2025-06-27,2024-01-21,7,24,4,527,0.0151802656546489,24,8,266.4166666666667,23,0.3333333333333333,Beauty,3,1,3,Loyal,3
595,8,1046270.46,130783.8075,2025-05-10,2024-05-21,7,22,52,406,0.0197044334975369,21,9,308.1904761904762,17,0.4285714285714285,Beauty,2,0,3,Loyal,3
596,4,363948.07,90987.0175,2025-06-09,2024-05-12,3,15,22,415,0.0096385542168674,22,6,277.6818181818182,20,0.2727272727272727,Books,2,1,2,New Customer,2
597,9,1042924.88,115880.54222222224,2025-06-12,2024-02-01,9,37,19,516,0.0174418604651162,24,10,263.0,23,0.4166666666666667,Grocery,2,1,1,High Value,1
598,6,629156.42,104859.40333333334,2025-01-01,2024-02-10,6,12,181,507,0.0118343195266272,23,9,363.1739130434783,19,0.391304347826087,Grocery,3,0,0,At Risk,0
599,10,1256975.72,125697.572,2025-06-28,2024-02-15,10,30,3,502,0.0199203187250996,29,13,365.1724137931034,23,0.4482758620689655,Books,3,1,1,High Value,1
600,8,1036563.79,129570.47375,2025-06-09,2024-04-12,8,26,22,445,0.0179775280898876,32,11,329.65625,27,0.34375,Beauty,4,1,3,Loyal,3
